asset_id,systeme_id,date_installation,politique
AST_A3927809,SYS_000,2026-01-01,corrective_pure
AST_CE6BDAD7,SYS_001,2026-01-01,corrective_pure
AST_209A860D,SYS_002,2026-01-01,corrective_pure
AST_680DF7B7,SYS_003,2026-01-01,corrective_pure
AST_A8E1225C,SYS_004,2026-01-01,corrective_pure
AST_2FB236F2,SYS_005,2026-01-01,corrective_pure
AST_FC570854,SYS_006,2026-01-01,corrective_pure
AST_12CCDAFF,SYS_007,2026-01-01,corrective_pure
AST_C45E6D1A,SYS_008,2026-01-01,corrective_pure
AST_99BE6D36,SYS_009,2026-01-01,corrective_pure
AST_7042E21A,SYS_010,2026-01-01,corrective_pure
AST_94712B4B,SYS_011,2026-01-01,corrective_pure
AST_4C10F15D,SYS_012,2026-01-01,corrective_pure
AST_AB066D97,SYS_013,2026-01-01,corrective_pure
AST_B3593FC4,SYS_014,2026-01-01,corrective_pure
AST_DAD7EB79,SYS_015,2026-01-01,corrective_pure
AST_B9153615,SYS_016,2026-01-01,corrective_pure
AST_C92EA2C0,SYS_017,2026-01-01,corrective_pure
AST_AC714226,SYS_018,2026-01-01,corrective_pure
AST_0003332F,SYS_019,2026-01-01,corrective_pure
AST_D51C48EF,SYS_020,2026-01-01,corrective_pure
AST_5778DEB3,SYS_021,2026-01-01,corrective_pure
AST_CAF63ED1,SYS_022,2026-01-01,corrective_pure
AST_2F99F634,SYS_023,2026-01-01,corrective_pure
AST_A8A455F9,SYS_024,2026-01-01,corrective_pure
AST_EF72C3BD,SYS_025,2026-01-01,corrective_pure
AST_23763E33,SYS_026,2026-01-01,corrective_pure
AST_73588D52,SYS_027,2026-01-01,corrective_pure
AST_4E19BF85,SYS_028,2026-01-01,corrective_pure
AST_5F0C1997,SYS_029,2026-01-01,corrective_pure
AST_97F59D91,SYS_030,2026-01-01,corrective_pure
AST_04247E08,SYS_031,2026-01-01,corrective_pure
AST_A054240D,SYS_032,2026-01-01,corrective_pure
AST_76080EEF,SYS_033,2026-01-01,corrective_pure
AST_2E64DC5D,SYS_034,2026-01-01,corrective_pure
AST_63737B23,SYS_035,2026-01-01,corrective_pure
AST_44929F98,SYS_036,2026-01-01,corrective_pure
AST_E56AF87A,SYS_037,2026-01-01,corrective_pure
AST_F2406AEE,SYS_038,2026-01-01,corrective_pure
AST_FFAACDF7,SYS_039,2026-01-01,corrective_pure
AST_1213DDD2,SYS_040,2026-01-01,corrective_pure
AST_64663930,SYS_041,2026-01-01,corrective_pure
AST_39CD3654,SYS_042,2026-01-01,corrective_pure
AST_8206A665,SYS_043,2026-01-01,corrective_pure
AST_C1CE19B1,SYS_044,2026-01-01,corrective_pure
AST_FBD91CA1,SYS_045,2026-01-01,corrective_pure
AST_D407BD29,SYS_046,2026-01-01,corrective_pure
AST_4EEE04B0,SYS_047,2026-01-01,corrective_pure
AST_9C47E08B,SYS_048,2026-01-01,corrective_pure
AST_482C2E0B,SYS_049,2026-01-01,corrective_pure
AST_39BC9634,SYS_050,2026-01-01,corrective_pure
AST_9CFB4F0F,SYS_051,2026-01-01,corrective_pure
AST_D9E690D6,SYS_052,2026-01-01,corrective_pure
AST_54AEB0D4,SYS_053,2026-01-01,corrective_pure
AST_526F36B6,SYS_054,2026-01-01,corrective_pure
AST_5EEB844E,SYS_055,2026-01-01,corrective_pure
AST_94F23DF7,SYS_056,2026-01-01,corrective_pure
AST_B88D3635,SYS_057,2026-01-01,corrective_pure
AST_148E0935,SYS_058,2026-01-01,corrective_pure
AST_FF024979,SYS_059,2026-01-01,corrective_pure
AST_05029969,SYS_060,2026-01-01,corrective_pure
AST_7E5B5E98,SYS_061,2026-01-01,corrective_pure
AST_40D328E5,SYS_062,2026-01-01,corrective_pure
AST_F89A49F1,SYS_063,2026-01-01,corrective_pure
AST_6763F995,SYS_064,2026-01-01,corrective_pure
AST_F48F103D,SYS_065,2026-01-01,corrective_pure
AST_67336A49,SYS_066,2026-01-01,corrective_pure
AST_B19DBC94,SYS_067,2026-01-01,corrective_pure
AST_98A79446,SYS_068,2026-01-01,corrective_pure
AST_680D6915,SYS_069,2026-01-01,corrective_pure
AST_3E01BD6C,SYS_070,2026-01-01,corrective_pure
AST_D1A7DCE5,SYS_071,2026-01-01,corrective_pure
AST_D177727F,SYS_072,2026-01-01,corrective_pure
AST_4ADFFABE,SYS_073,2026-01-01,corrective_pure
AST_55BFA293,SYS_074,2026-01-01,corrective_pure
AST_4E0C1DED,SYS_075,2026-01-01,corrective_pure
AST_25C679B7,SYS_076,2026-01-01,corrective_pure
AST_AFCE8249,SYS_077,2026-01-01,corrective_pure
AST_0C2756E6,SYS_078,2026-01-01,corrective_pure
AST_B607F3D7,SYS_079,2026-01-01,corrective_pure
AST_C02D62DE,SYS_080,2026-01-01,corrective_pure
AST_87767A88,SYS_081,2026-01-01,corrective_pure
AST_BB478D66,SYS_082,2026-01-01,corrective_pure
AST_D76B2ABC,SYS_083,2026-01-01,corrective_pure
AST_4E4B9ABB,SYS_084,2026-01-01,corrective_pure
AST_74F8264E,SYS_085,2026-01-01,corrective_pure
AST_B599C173,SYS_086,2026-01-01,corrective_pure
AST_B57D1BDF,SYS_087,2026-01-01,corrective_pure
AST_E5BE752B,SYS_088,2026-01-01,corrective_pure
AST_33EB50F5,SYS_089,2026-01-01,corrective_pure
AST_65285061,SYS_090,2026-01-01,corrective_pure
AST_06D0762B,SYS_091,2026-01-01,corrective_pure
AST_9BD33CB2,SYS_092,2026-01-01,corrective_pure
AST_F96483C1,SYS_093,2026-01-01,corrective_pure
AST_BDC9F5DC,SYS_094,2026-01-01,corrective_pure
AST_70F28220,SYS_095,2026-01-01,corrective_pure
AST_59BAD82B,SYS_096,2026-01-01,corrective_pure
AST_D460A1FE,SYS_097,2026-01-01,corrective_pure
AST_66843B83,SYS_098,2026-01-01,corrective_pure
AST_92DC088A,SYS_099,2026-01-01,corrective_pure
AST_B3B6FD29,SYS_100,2026-01-01,corrective_pure
AST_9B4C33A1,SYS_101,2026-01-01,corrective_pure
AST_43A0B4F8,SYS_102,2026-01-01,corrective_pure
AST_1E101C6C,SYS_103,2026-01-01,corrective_pure
AST_461DCB25,SYS_104,2026-01-01,corrective_pure
AST_E1D10B0D,SYS_105,2026-01-01,corrective_pure
AST_343D0DD9,SYS_106,2026-01-01,corrective_pure
AST_67AA0F31,SYS_107,2026-01-01,corrective_pure
AST_49DECD0F,SYS_108,2026-01-01,corrective_pure
AST_870B8A45,SYS_109,2026-01-01,corrective_pure
AST_26B1A316,SYS_110,2026-01-01,corrective_pure
AST_044BBD5B,SYS_111,2026-01-01,corrective_pure
AST_0169286F,SYS_112,2026-01-01,corrective_pure
AST_A448A25A,SYS_113,2026-01-01,corrective_pure
AST_183368BB,SYS_114,2026-01-01,corrective_pure
AST_0B99410C,SYS_115,2026-01-01,corrective_pure
AST_C8F4EC0B,SYS_116,2026-01-01,corrective_pure
AST_A939E0BD,SYS_117,2026-01-01,corrective_pure
AST_5ED04620,SYS_118,2026-01-01,corrective_pure
AST_9AF34E7D,SYS_119,2026-01-01,corrective_pure
AST_34C8A71D,SYS_120,2026-01-01,corrective_pure
AST_CC73101A,SYS_121,2026-01-01,corrective_pure
AST_0DC378F4,SYS_122,2026-01-01,corrective_pure
AST_2D9C1B12,SYS_123,2026-01-01,corrective_pure
AST_4A61EA69,SYS_124,2026-01-01,corrective_pure
AST_019393DB,SYS_125,2026-01-01,corrective_pure
AST_60626D57,SYS_126,2026-01-01,corrective_pure
AST_4BD04660,SYS_127,2026-01-01,corrective_pure
AST_2C9B42C9,SYS_128,2026-01-01,corrective_pure
AST_A056C7A6,SYS_129,2026-01-01,corrective_pure
AST_3657CFD9,SYS_130,2026-01-01,corrective_pure
AST_66029EC9,SYS_131,2026-01-01,corrective_pure
AST_4928265C,SYS_132,2026-01-01,corrective_pure
AST_8E319D44,SYS_133,2026-01-01,corrective_pure
AST_5F9B8EC8,SYS_134,2026-01-01,corrective_pure
AST_787940AC,SYS_135,2026-01-01,corrective_pure
AST_D354652F,SYS_136,2026-01-01,corrective_pure
AST_E013914E,SYS_137,2026-01-01,corrective_pure
AST_81798ABF,SYS_138,2026-01-01,corrective_pure
AST_DE799A2B,SYS_139,2026-01-01,corrective_pure
AST_6C43486A,SYS_140,2026-01-01,corrective_pure
AST_0B1DA9ED,SYS_141,2026-01-01,corrective_pure
AST_1465A423,SYS_142,2026-01-01,corrective_pure
AST_6F761386,SYS_143,2026-01-01,corrective_pure
AST_C9BC982C,SYS_144,2026-01-01,corrective_pure
AST_995A02D6,SYS_145,2026-01-01,corrective_pure
AST_BDF51D3C,SYS_146,2026-01-01,corrective_pure
AST_ED79DE50,SYS_147,2026-01-01,corrective_pure
AST_526E3DB8,SYS_148,2026-01-01,corrective_pure
AST_DD4E05B3,SYS_149,2026-01-01,corrective_pure
AST_72D84ED0,SYS_150,2026-01-01,corrective_pure
AST_4626C6A3,SYS_151,2026-01-01,corrective_pure
AST_792D2D41,SYS_152,2026-01-01,corrective_pure
AST_01DD3D9D,SYS_153,2026-01-01,corrective_pure
AST_7792A1B5,SYS_154,2026-01-01,corrective_pure
AST_577FB274,SYS_155,2026-01-01,corrective_pure
AST_D66363EA,SYS_156,2026-01-01,corrective_pure
AST_71299468,SYS_157,2026-01-01,corrective_pure
AST_5E5F6C5E,SYS_158,2026-01-01,corrective_pure
AST_2769309A,SYS_159,2026-01-01,corrective_pure
AST_57641A8D,SYS_160,2026-01-01,corrective_pure
AST_08431E3E,SYS_161,2026-01-01,corrective_pure
AST_222600B4,SYS_162,2026-01-01,corrective_pure
AST_1D91BE2D,SYS_163,2026-01-01,corrective_pure
AST_75536AFE,SYS_164,2026-01-01,corrective_pure
AST_3D5CA9E8,SYS_165,2026-01-01,corrective_pure
AST_6FFA766E,SYS_166,2026-01-01,corrective_pure
AST_7C4B04B2,SYS_167,2026-01-01,corrective_pure
AST_5B60B7CF,SYS_168,2026-01-01,corrective_pure
AST_17871AF6,SYS_169,2026-01-01,corrective_pure
AST_161B7912,SYS_170,2026-01-01,corrective_pure
AST_3869ADA2,SYS_171,2026-01-01,corrective_pure
AST_79586B97,SYS_172,2026-01-01,corrective_pure
AST_54DAF684,SYS_173,2026-01-01,corrective_pure
AST_4E532276,SYS_174,2026-01-01,corrective_pure
AST_13574774,SYS_175,2026-01-01,corrective_pure
AST_FC1E27AE,SYS_176,2026-01-01,corrective_pure
AST_FD8D51D8,SYS_177,2026-01-01,corrective_pure
AST_6C4C67EF,SYS_178,2026-01-01,corrective_pure
AST_0F03A6B7,SYS_179,2026-01-01,corrective_pure
AST_ECD84443,SYS_180,2026-01-01,corrective_pure
AST_202F8C6C,SYS_181,2026-01-01,corrective_pure
AST_E248E932,SYS_182,2026-01-01,corrective_pure
AST_75F9ABF8,SYS_183,2026-01-01,corrective_pure
AST_777823C0,SYS_184,2026-01-01,corrective_pure
AST_2D5D53AA,SYS_185,2026-01-01,corrective_pure
AST_B563FA5A,SYS_186,2026-01-01,corrective_pure
AST_467777F6,SYS_187,2026-01-01,corrective_pure
AST_3A3CCCC4,SYS_188,2026-01-01,corrective_pure
AST_104A7D05,SYS_189,2026-01-01,corrective_pure
AST_9A68C5AE,SYS_190,2026-01-01,corrective_pure
AST_22974F49,SYS_191,2026-01-01,corrective_pure
AST_32172A9D,SYS_192,2026-01-01,corrective_pure
AST_25D168A5,SYS_193,2026-01-01,corrective_pure
AST_82243813,SYS_194,2026-01-01,corrective_pure
AST_E38A872D,SYS_195,2026-01-01,corrective_pure
AST_CBB5B3BD,SYS_196,2026-01-01,corrective_pure
AST_F70439D3,SYS_197,2026-01-01,corrective_pure
AST_42E9F215,SYS_198,2026-01-01,corrective_pure
AST_C2D28E97,SYS_199,2026-01-01,corrective_pure
AST_198AD6FB,SYS_123,2026-01-08,corrective_pure
AST_22AF4C63,SYS_052,2026-01-12,corrective_pure
AST_BC055663,SYS_005,2026-02-01,corrective_pure
AST_34C330B2,SYS_039,2026-02-15,corrective_pure
AST_0692480B,SYS_128,2026-02-27,corrective_pure
AST_47B06271,SYS_108,2026-03-11,corrective_pure
AST_2BFE6469,SYS_031,2026-03-12,corrective_pure
AST_6526B16B,SYS_170,2026-03-24,corrective_pure
AST_E39D2CB2,SYS_035,2026-04-19,corrective_pure
AST_1F1EA88D,SYS_159,2026-05-11,corrective_pure
AST_EB7FC0A3,SYS_193,2026-05-16,corrective_pure
AST_CD86BA0A,SYS_129,2026-06-05,corrective_pure
AST_B23A5A7F,SYS_006,2026-06-24,corrective_pure
AST_F4320DCD,SYS_023,2026-07-10,corrective_pure
AST_152D58EA,SYS_188,2026-07-11,corrective_pure
AST_8ECE2038,SYS_045,2026-07-12,corrective_pure
AST_5FCFB413,SYS_065,2026-07-15,corrective_pure
AST_6601616C,SYS_117,2026-07-19,corrective_pure
AST_ACF75284,SYS_094,2026-07-23,corrective_pure
AST_3D557649,SYS_144,2026-07-28,corrective_pure
AST_8322389D,SYS_075,2026-07-31,corrective_pure
AST_27A40929,SYS_018,2026-08-02,corrective_pure
AST_723836AD,SYS_123,2026-08-13,corrective_pure
AST_D201D234,SYS_136,2026-08-18,corrective_pure
AST_894623C8,SYS_198,2026-08-24,corrective_pure
AST_B18ABD07,SYS_005,2026-08-28,corrective_pure
AST_B267D318,SYS_170,2026-08-28,corrective_pure
AST_FA04189F,SYS_140,2026-09-07,corrective_pure
AST_AE64D8E6,SYS_121,2026-09-09,corrective_pure
AST_23EF1826,SYS_010,2026-09-10,corrective_pure
AST_A200E9E0,SYS_095,2026-09-11,corrective_pure
AST_14C78852,SYS_185,2026-09-11,corrective_pure
AST_102D9610,SYS_127,2026-09-12,corrective_pure
AST_D7CEFA4E,SYS_002,2026-09-13,corrective_pure
AST_80D09D6D,SYS_148,2026-09-14,corrective_pure
AST_9F46E528,SYS_092,2026-09-16,corrective_pure
AST_CF255B0D,SYS_168,2026-09-16,corrective_pure
AST_D1A4C571,SYS_179,2026-09-16,corrective_pure
AST_A7123524,SYS_186,2026-09-21,corrective_pure
AST_4C0143BA,SYS_073,2026-09-26,corrective_pure
AST_CEA72CDD,SYS_057,2026-09-27,corrective_pure
AST_92489577,SYS_182,2026-09-27,corrective_pure
AST_4EF24A7D,SYS_034,2026-10-01,corrective_pure
AST_D51FD4BD,SYS_072,2026-10-01,corrective_pure
AST_015B647B,SYS_156,2026-10-01,corrective_pure
AST_58B96A8F,SYS_145,2026-10-02,corrective_pure
AST_7B4758E4,SYS_004,2026-10-06,corrective_pure
AST_832C7EF4,SYS_027,2026-10-09,corrective_pure
AST_CCB22CAE,SYS_060,2026-10-09,corrective_pure
AST_54616DB4,SYS_098,2026-10-09,corrective_pure
AST_5BAB5E5A,SYS_079,2026-10-12,corrective_pure
AST_6448D24C,SYS_037,2026-10-20,corrective_pure
AST_A12D7A9A,SYS_096,2026-10-20,corrective_pure
AST_202A7035,SYS_178,2026-10-22,corrective_pure
AST_0185D81E,SYS_020,2026-10-29,corrective_pure
AST_5329271A,SYS_196,2026-11-03,corrective_pure
AST_C2849A15,SYS_112,2026-11-05,corrective_pure
AST_3402A5E3,SYS_119,2026-11-07,corrective_pure
AST_0C9E729E,SYS_015,2026-11-11,corrective_pure
AST_D55600B0,SYS_190,2026-11-12,corrective_pure
AST_06D5F92B,SYS_053,2026-11-19,corrective_pure
AST_A495508C,SYS_166,2026-11-21,corrective_pure
AST_DF0156A6,SYS_141,2026-11-22,corrective_pure
AST_A74A0CC8,SYS_001,2026-11-24,corrective_pure
AST_75CC6347,SYS_039,2026-11-29,corrective_pure
AST_EA0F750E,SYS_089,2026-11-29,corrective_pure
AST_B202EDB6,SYS_180,2026-11-30,corrective_pure
AST_0054E56B,SYS_026,2026-12-01,corrective_pure
AST_A86010BC,SYS_054,2026-12-01,corrective_pure
AST_ED334261,SYS_150,2026-12-02,corrective_pure
AST_6DE8D682,SYS_125,2026-12-04,corrective_pure
AST_3D34F917,SYS_033,2026-12-07,corrective_pure
AST_B984DB38,SYS_109,2026-12-12,corrective_pure
AST_020D250B,SYS_149,2026-12-16,corrective_pure
AST_595A59DA,SYS_138,2026-12-18,corrective_pure
AST_B16BB783,SYS_113,2026-12-23,corrective_pure
AST_71D705C6,SYS_007,2026-12-25,corrective_pure
AST_1E616674,SYS_076,2026-12-27,corrective_pure
AST_86BFD996,SYS_029,2026-12-28,corrective_pure
AST_8E14A50D,SYS_130,2026-12-30,corrective_pure
AST_38DBB508,SYS_147,2026-12-30,corrective_pure
AST_1381C060,SYS_074,2027-01-03,corrective_pure
AST_406A860C,SYS_143,2027-01-03,corrective_pure
AST_53AE3801,SYS_195,2027-01-03,corrective_pure
AST_66C2D702,SYS_070,2027-01-05,corrective_pure
AST_19890319,SYS_078,2027-01-05,corrective_pure
AST_959D9700,SYS_137,2027-01-07,corrective_pure
AST_F4BB13B7,SYS_008,2027-01-08,corrective_pure
AST_4C9147B3,SYS_042,2027-01-08,corrective_pure
AST_5C06336A,SYS_064,2027-01-08,corrective_pure
AST_A23D26EA,SYS_055,2027-01-10,corrective_pure
AST_E3727CBA,SYS_024,2027-01-11,corrective_pure
AST_D6BD85CC,SYS_038,2027-01-15,corrective_pure
AST_000A013E,SYS_044,2027-01-15,corrective_pure
AST_6F89D5C7,SYS_051,2027-01-15,corrective_pure
AST_41D0D038,SYS_108,2027-01-15,corrective_pure
AST_C0C889D1,SYS_169,2027-01-15,corrective_pure
AST_BA1912EC,SYS_100,2027-01-16,corrective_pure
AST_3A1F97D2,SYS_101,2027-01-17,corrective_pure
AST_162A2BB8,SYS_183,2027-01-18,corrective_pure
AST_3DD078C0,SYS_131,2027-01-19,corrective_pure
AST_4B72800B,SYS_003,2027-01-20,corrective_pure
AST_DAED267E,SYS_091,2027-01-20,corrective_pure
AST_BF438306,SYS_107,2027-01-20,corrective_pure
AST_BC9A68B6,SYS_090,2027-01-21,corrective_pure
AST_C292170B,SYS_123,2027-01-21,corrective_pure
AST_95149C4F,SYS_087,2027-01-23,corrective_pure
AST_947A0A54,SYS_099,2027-01-23,corrective_pure
AST_6FDD9355,SYS_122,2027-01-23,corrective_pure
AST_D295F4EE,SYS_146,2027-01-23,corrective_pure
AST_BAFBB157,SYS_157,2027-01-23,corrective_pure
AST_16E764AC,SYS_193,2027-01-24,corrective_pure
AST_10FA506D,SYS_068,2027-01-25,corrective_pure
AST_8E67B027,SYS_173,2027-01-25,corrective_pure
AST_13678646,SYS_050,2027-01-26,corrective_pure
AST_E1916E31,SYS_194,2027-01-26,corrective_pure
AST_5E8F7ACC,SYS_013,2027-01-27,corrective_pure
AST_8C0F7358,SYS_081,2027-01-27,corrective_pure
AST_120EECF5,SYS_094,2027-01-29,corrective_pure
AST_71E464C9,SYS_085,2027-01-30,corrective_pure
AST_DF33F491,SYS_184,2027-01-30,corrective_pure
AST_0981F4C7,SYS_041,2027-02-02,corrective_pure
AST_63F5B7BC,SYS_070,2027-02-02,corrective_pure
AST_5A65B73D,SYS_097,2027-02-05,corrective_pure
AST_490B2927,SYS_056,2027-02-06,corrective_pure
AST_F7873C54,SYS_181,2027-02-06,corrective_pure
AST_44462CB9,SYS_016,2027-02-09,corrective_pure
AST_5D9ECC40,SYS_040,2027-02-09,corrective_pure
AST_F937A161,SYS_103,2027-02-09,corrective_pure
AST_52394BDD,SYS_187,2027-02-10,corrective_pure
AST_F79C3956,SYS_083,2027-02-11,corrective_pure
AST_32CF1DF1,SYS_164,2027-02-12,corrective_pure
AST_4C1B7A2F,SYS_067,2027-02-14,corrective_pure
AST_64F43357,SYS_174,2027-02-14,corrective_pure
AST_BF757A3D,SYS_163,2027-02-20,corrective_pure
AST_90109E33,SYS_142,2027-02-21,corrective_pure
AST_80E9A1BF,SYS_189,2027-02-21,corrective_pure
AST_FBCAC30C,SYS_048,2027-02-22,corrective_pure
AST_FDEB11A7,SYS_059,2027-02-22,corrective_pure
AST_D08BAC39,SYS_095,2027-02-23,corrective_pure
AST_B932B3A4,SYS_155,2027-02-23,corrective_pure
AST_491E66A9,SYS_012,2027-02-24,corrective_pure
AST_8F304615,SYS_028,2027-02-25,corrective_pure
AST_640C41A1,SYS_124,2027-02-25,corrective_pure
AST_3FD54C10,SYS_162,2027-02-26,corrective_pure
AST_BAFC5ABD,SYS_045,2027-02-27,corrective_pure
AST_05C9926C,SYS_079,2027-02-27,corrective_pure
AST_E996F8AB,SYS_043,2027-03-04,corrective_pure
AST_0361B3B1,SYS_177,2027-03-07,corrective_pure
AST_2B1962C0,SYS_022,2027-03-08,corrective_pure
AST_BC51FF60,SYS_062,2027-03-09,corrective_pure
AST_EFABF454,SYS_199,2027-03-09,corrective_pure
AST_32F31E35,SYS_167,2027-03-10,corrective_pure
AST_020CB347,SYS_025,2027-03-12,corrective_pure
AST_997E2F46,SYS_011,2027-03-14,corrective_pure
AST_3217EDA3,SYS_104,2027-03-14,corrective_pure
AST_DB76534C,SYS_116,2027-03-15,corrective_pure
AST_EA1D92BF,SYS_176,2027-03-15,corrective_pure
AST_74D2E278,SYS_084,2027-03-16,corrective_pure
AST_CC598B93,SYS_152,2027-03-18,corrective_pure
AST_66FDE77D,SYS_000,2027-03-19,corrective_pure
AST_46207455,SYS_093,2027-03-19,corrective_pure
AST_A4BF4A00,SYS_197,2027-03-19,corrective_pure
AST_52737544,SYS_021,2027-03-21,corrective_pure
AST_5A02606E,SYS_120,2027-03-21,corrective_pure
AST_95504D49,SYS_017,2027-03-22,corrective_pure
AST_501EBF13,SYS_118,2027-03-22,corrective_pure
AST_9AF645C9,SYS_171,2027-03-22,corrective_pure
AST_0573ADAE,SYS_139,2027-03-23,corrective_pure
AST_0BCB660B,SYS_066,2027-03-24,corrective_pure
AST_5444CE30,SYS_110,2027-03-26,corrective_pure
AST_D40BEAA9,SYS_191,2027-03-29,corrective_pure
AST_0A81D8F9,SYS_049,2027-03-31,corrective_pure
AST_D63C356B,SYS_126,2027-03-31,corrective_pure
AST_40517019,SYS_105,2027-04-01,corrective_pure
AST_3F8F50E9,SYS_153,2027-04-01,corrective_pure
AST_84D14BD5,SYS_133,2027-04-02,corrective_pure
AST_DCB9FD7D,SYS_172,2027-04-02,corrective_pure
AST_89362A0E,SYS_047,2027-04-03,corrective_pure
AST_6D5FEE83,SYS_052,2027-04-05,corrective_pure
AST_5221AC7E,SYS_165,2027-04-05,corrective_pure
AST_12C25ED8,SYS_182,2027-04-05,corrective_pure
AST_C62412B1,SYS_036,2027-04-09,corrective_pure
AST_4E8E3211,SYS_019,2027-04-10,corrective_pure
AST_ED590E46,SYS_106,2027-04-10,corrective_pure
AST_5625212D,SYS_134,2027-04-11,corrective_pure
AST_5F795E74,SYS_129,2027-04-13,corrective_pure
AST_AC5743E7,SYS_154,2027-04-14,corrective_pure
AST_A54D0AA2,SYS_111,2027-04-15,corrective_pure
AST_635D4F58,SYS_115,2027-04-15,corrective_pure
AST_FD1AA35B,SYS_175,2027-04-18,corrective_pure
AST_193871B5,SYS_058,2027-04-21,corrective_pure
AST_A6A0618A,SYS_102,2027-04-26,corrective_pure
AST_3127EFAF,SYS_071,2027-04-30,corrective_pure
AST_EB6D3944,SYS_085,2027-04-30,corrective_pure
AST_F94BBA7D,SYS_069,2027-05-02,corrective_pure
AST_628E65E3,SYS_158,2027-05-07,corrective_pure
AST_2FC34047,SYS_080,2027-05-09,corrective_pure
AST_3A3209B2,SYS_160,2027-05-10,corrective_pure
AST_F1560FDF,SYS_114,2027-05-11,corrective_pure
AST_EC142989,SYS_046,2027-05-13,corrective_pure
AST_DA028F5B,SYS_061,2027-05-13,corrective_pure
AST_7F39A0D3,SYS_077,2027-05-14,corrective_pure
AST_EBEA3E2E,SYS_009,2027-05-17,corrective_pure
AST_9D664545,SYS_020,2027-05-17,corrective_pure
AST_D8B58696,SYS_082,2027-05-17,corrective_pure
AST_6454F903,SYS_161,2027-05-28,corrective_pure
AST_61DC6A97,SYS_151,2027-05-29,corrective_pure
AST_908CC81F,SYS_032,2027-05-30,corrective_pure
AST_438315DC,SYS_005,2027-05-31,corrective_pure
AST_977B4289,SYS_030,2027-05-31,corrective_pure
AST_FCCFC08B,SYS_132,2027-05-31,corrective_pure
AST_183BE468,SYS_063,2027-06-05,corrective_pure
AST_E309A3EA,SYS_128,2027-06-05,corrective_pure
AST_336BCE73,SYS_014,2027-06-10,corrective_pure
AST_582B0B3B,SYS_088,2027-06-10,corrective_pure
AST_9116A150,SYS_178,2027-06-12,corrective_pure
AST_89BC2C0A,SYS_135,2027-06-13,corrective_pure
AST_8DB2E340,SYS_086,2027-06-21,corrective_pure
AST_27760032,SYS_096,2027-06-24,corrective_pure
AST_7D744CC0,SYS_065,2027-06-29,corrective_pure
AST_88354CE6,SYS_084,2027-06-29,corrective_pure
AST_03FF7279,SYS_150,2027-07-05,corrective_pure
AST_BF673FCF,SYS_144,2027-07-13,corrective_pure
AST_A72CD782,SYS_192,2027-07-18,corrective_pure
AST_D5A8151B,SYS_159,2027-07-21,corrective_pure
AST_EC85D339,SYS_069,2027-08-02,corrective_pure
AST_A656FFF5,SYS_156,2027-08-05,corrective_pure
AST_D30183D3,SYS_174,2027-08-12,corrective_pure
AST_1F795E60,SYS_198,2027-08-15,corrective_pure
AST_37F9559C,SYS_064,2027-08-19,corrective_pure
AST_47AED25B,SYS_023,2027-08-20,corrective_pure
AST_4E25B99E,SYS_027,2027-08-22,corrective_pure
AST_292D67FE,SYS_090,2027-08-24,corrective_pure
AST_DC782E12,SYS_136,2027-08-25,corrective_pure
AST_A5C659E0,SYS_022,2027-08-29,corrective_pure
AST_B5C3367D,SYS_033,2027-08-30,corrective_pure
AST_658D205B,SYS_031,2027-08-31,corrective_pure
AST_7D4D90A6,SYS_129,2027-09-02,corrective_pure
AST_0A4A6CB6,SYS_053,2027-09-03,corrective_pure
AST_9BA21A47,SYS_176,2027-09-08,corrective_pure
AST_929FAD7E,SYS_179,2027-09-09,corrective_pure
AST_7B167FF3,SYS_153,2027-09-10,corrective_pure
AST_469D493E,SYS_199,2027-09-12,corrective_pure
AST_5137CBEA,SYS_076,2027-09-13,corrective_pure
AST_92E42566,SYS_117,2027-09-13,corrective_pure
AST_A744D462,SYS_140,2027-09-15,corrective_pure
AST_7D613BC1,SYS_168,2027-09-15,corrective_pure
AST_F326FA58,SYS_119,2027-09-16,corrective_pure
AST_BD51E8C0,SYS_197,2027-09-19,corrective_pure
AST_249E3B1B,SYS_018,2027-09-20,corrective_pure
AST_DFF40EAE,SYS_035,2027-09-24,corrective_pure
AST_ECD9F797,SYS_189,2027-09-30,corrective_pure
AST_729FAC5C,SYS_050,2027-10-01,corrective_pure
AST_EE2A812C,SYS_166,2027-10-02,corrective_pure
AST_FD6F0A83,SYS_092,2027-10-03,corrective_pure
AST_D84494AB,SYS_122,2027-10-03,corrective_pure
AST_28FC5992,SYS_112,2027-10-04,corrective_pure
AST_3B39FA5E,SYS_015,2027-10-08,corrective_pure
AST_17299575,SYS_034,2027-10-08,corrective_pure
AST_30223AB8,SYS_115,2027-10-08,corrective_pure
AST_7F8EAE23,SYS_040,2027-10-11,corrective_pure
AST_7F2EB201,SYS_134,2027-10-11,corrective_pure
AST_FBD59E97,SYS_103,2027-10-14,corrective_pure
AST_F0BACB55,SYS_126,2027-10-15,corrective_pure
AST_13927054,SYS_173,2027-10-15,corrective_pure
AST_6F1822E4,SYS_188,2027-10-18,corrective_pure
AST_DE0131E3,SYS_141,2027-10-24,corrective_pure
AST_129C26AF,SYS_125,2027-10-29,corrective_pure
AST_E65C2018,SYS_041,2027-11-04,corrective_pure
AST_DD671741,SYS_142,2027-11-06,corrective_pure
AST_2B7479E7,SYS_081,2027-11-11,corrective_pure
AST_A450EABB,SYS_037,2027-11-12,corrective_pure
AST_F91E786F,SYS_006,2027-11-19,corrective_pure
AST_CEC5C4D3,SYS_158,2027-11-20,corrective_pure
AST_BDCCCC5E,SYS_042,2027-11-22,corrective_pure
AST_91C8DA43,SYS_074,2027-11-24,corrective_pure
AST_94D5E5CC,SYS_095,2027-11-24,corrective_pure
AST_5FEFD6AB,SYS_025,2027-11-26,corrective_pure
AST_54DE65BE,SYS_175,2027-11-26,corrective_pure
AST_998649E5,SYS_143,2027-11-30,corrective_pure
AST_9107BB03,SYS_011,2027-12-05,corrective_pure
AST_9148BC37,SYS_172,2027-12-05,corrective_pure
AST_65D76C95,SYS_113,2027-12-06,corrective_pure
AST_3E9EA097,SYS_164,2027-12-07,corrective_pure
AST_A1DA4F71,SYS_013,2027-12-09,corrective_pure
AST_B0C49675,SYS_185,2027-12-09,corrective_pure
AST_4CA1BBA7,SYS_075,2027-12-11,corrective_pure
AST_ED8C54ED,SYS_190,2027-12-11,corrective_pure
AST_B28344CD,SYS_121,2027-12-12,corrective_pure
AST_E32C2190,SYS_060,2027-12-17,corrective_pure
AST_90755E0A,SYS_148,2027-12-17,corrective_pure
AST_7E4A415B,SYS_128,2027-12-18,corrective_pure
AST_88D35026,SYS_177,2027-12-22,corrective_pure
AST_F086F160,SYS_073,2027-12-25,corrective_pure
