date,systeme_id,asset_id,age_jours,usure,disponible,usage,evenement
2026-01-01,SYS_000,AST_3C044E12,0,0.006111,1,2.575598,EXPLOITATION
2026-01-01,SYS_001,AST_F94717AF,0,0.009513,1,1.782974,EXPLOITATION
2026-01-01,SYS_002,AST_53ADD945,0,0.001567,1,1.478781,EXPLOITATION
2026-01-01,SYS_003,AST_35B3FF0B,0,0.005461,1,3.852626,EXPLOITATION
2026-01-01,SYS_004,AST_65F217BF,0,0.036249,1,4.033207,EXPLOITATION
2026-01-01,SYS_005,AST_D395BFCC,0,0.004498,1,3.346556,EXPLOITATION
2026-01-01,SYS_006,AST_5923ED69,0,0.003535,1,1.482314,EXPLOITATION
2026-01-01,SYS_007,AST_2D18E63E,0,0.001222,1,1.155577,EXPLOITATION
2026-01-01,SYS_008,AST_A4091273,0,0.018601,1,2.97246,EXPLOITATION
2026-01-01,SYS_009,AST_5A00C9C1,0,0.003175,1,1.824389,EXPLOITATION
2026-01-01,SYS_010,AST_36B79295,0,0.002889,1,1.916496,EXPLOITATION
2026-01-01,SYS_011,AST_F27373CF,0,0.004606,1,2.490433,EXPLOITATION
2026-01-02,SYS_000,AST_3C044E12,1,0.012007,1,1.920286,EXPLOITATION
2026-01-02,SYS_001,AST_F94717AF,1,0.027984,1,4.527198,EXPLOITATION
2026-01-02,SYS_002,AST_53ADD945,1,0.006432,1,2.177103,EXPLOITATION
2026-01-02,SYS_003,AST_35B3FF0B,1,0.01412,1,3.853713,EXPLOITATION
2026-01-02,SYS_004,AST_65F217BF,1,0.038139,1,2.475329,EXPLOITATION
2026-01-02,SYS_005,AST_D395BFCC,1,0.005615,1,1.316445,EXPLOITATION
2026-01-02,SYS_006,AST_5923ED69,1,0.009461,1,2.754325,EXPLOITATION
2026-01-02,SYS_007,AST_2D18E63E,1,0.007211,1,4.307023,EXPLOITATION
2026-01-02,SYS_008,AST_A4091273,1,0.021858,1,2.163542,EXPLOITATION
2026-01-02,SYS_009,AST_5A00C9C1,1,0.012264,1,3.952676,EXPLOITATION
2026-01-02,SYS_010,AST_36B79295,1,0.008103,1,2.084939,EXPLOITATION
2026-01-02,SYS_011,AST_F27373CF,1,0.0079,1,6.037542,EXPLOITATION
2026-01-03,SYS_000,AST_3C044E12,2,0.015419,1,2.670498,EXPLOITATION
2026-01-03,SYS_001,AST_F94717AF,2,0.060806,1,7.559415,EXPLOITATION
2026-01-03,SYS_002,AST_53ADD945,2,0.011122,1,3.229105,EXPLOITATION
2026-01-03,SYS_003,AST_35B3FF0B,2,0.016115,1,1.69053,EXPLOITATION
2026-01-03,SYS_004,AST_65F217BF,2,0.041434,1,1.526308,EXPLOITATION
2026-01-03,SYS_005,AST_D395BFCC,2,0.007457,1,2.921697,EXPLOITATION
2026-01-03,SYS_006,AST_5923ED69,2,0.04434,1,2.468198,EXPLOITATION
2026-01-03,SYS_007,AST_2D18E63E,2,0.013186,1,3.172174,EXPLOITATION
2026-01-03,SYS_008,AST_A4091273,2,0.035179,1,3.649773,EXPLOITATION
2026-01-03,SYS_009,AST_5A00C9C1,2,0.021372,1,4.325521,EXPLOITATION
2026-01-03,SYS_010,AST_36B79295,2,0.024463,1,4.006575,EXPLOITATION
2026-01-03,SYS_011,AST_F27373CF,2,0.015644,1,1.843265,EXPLOITATION
2026-01-04,SYS_000,AST_3C044E12,3,0.02059,1,3.173461,EXPLOITATION
2026-01-04,SYS_001,AST_F94717AF,3,0.065844,1,2.345752,EXPLOITATION
2026-01-04,SYS_002,AST_53ADD945,3,0.012711,1,2.947579,EXPLOITATION
2026-01-04,SYS_003,AST_35B3FF0B,3,0.020439,1,2.259182,EXPLOITATION
2026-01-04,SYS_004,AST_65F217BF,3,0.043198,1,1.922175,EXPLOITATION
2026-01-04,SYS_005,AST_D395BFCC,3,0.012839,1,2.517432,EXPLOITATION
2026-01-04,SYS_006,AST_5923ED69,3,0.051358,1,3.547245,EXPLOITATION
2026-01-04,SYS_007,AST_2D18E63E,3,0.016658,1,1.095705,EXPLOITATION
2026-01-04,SYS_008,AST_A4091273,3,0.038878,1,2.396033,EXPLOITATION
2026-01-04,SYS_009,AST_5A00C9C1,3,0.026579,1,2.423308,EXPLOITATION
2026-01-04,SYS_010,AST_36B79295,3,0.031819,1,1.592322,EXPLOITATION
2026-01-04,SYS_011,AST_F27373CF,3,0.026415,1,2.780567,EXPLOITATION
2026-01-05,SYS_000,AST_3C044E12,4,0.02515,1,1.568461,EXPLOITATION
2026-01-05,SYS_001,AST_F94717AF,4,0.06925,1,1.643347,EXPLOITATION
2026-01-05,SYS_002,AST_53ADD945,4,0.017601,1,1.89734,EXPLOITATION
2026-01-05,SYS_003,AST_35B3FF0B,4,0.028683,1,2.176326,EXPLOITATION
2026-01-05,SYS_004,AST_65F217BF,4,0.068841,1,7.772934,EXPLOITATION
2026-01-05,SYS_005,AST_D395BFCC,4,0.01892,1,3.935475,EXPLOITATION
2026-01-05,SYS_006,AST_5923ED69,4,0.059076,1,5.652454,EXPLOITATION
2026-01-05,SYS_007,AST_2D18E63E,4,0.020882,1,1.684623,EXPLOITATION
2026-01-05,SYS_008,AST_A4091273,4,0.04159,1,3.167498,EXPLOITATION
2026-01-05,SYS_009,AST_5A00C9C1,4,0.028442,1,1.437577,EXPLOITATION
2026-01-05,SYS_010,AST_36B79295,4,0.05159,1,3.667343,EXPLOITATION
2026-01-05,SYS_011,AST_F27373CF,4,0.035745,1,4.980167,EXPLOITATION
2026-01-06,SYS_000,AST_3C044E12,5,0.028891,1,3.036736,EXPLOITATION
2026-01-06,SYS_001,AST_F94717AF,5,0.074349,1,2.266335,EXPLOITATION
2026-01-06,SYS_002,AST_53ADD945,5,0.025413,1,8.050755,EXPLOITATION
2026-01-06,SYS_003,AST_35B3FF0B,5,0.038525,1,4.91086,EXPLOITATION
2026-01-06,SYS_004,AST_65F217BF,5,0.074792,1,1.945395,EXPLOITATION
2026-01-06,SYS_005,AST_D395BFCC,5,0.030389,1,3.571189,EXPLOITATION
2026-01-06,SYS_006,AST_5923ED69,5,0.065533,1,2.247536,EXPLOITATION
2026-01-06,SYS_007,AST_2D18E63E,5,0.027001,1,1.889419,EXPLOITATION
2026-01-06,SYS_008,AST_A4091273,5,0.050143,1,1.853461,EXPLOITATION
2026-01-06,SYS_009,AST_5A00C9C1,5,0.033699,1,1.740995,EXPLOITATION
2026-01-06,SYS_010,AST_36B79295,5,0.054803,1,3.957941,EXPLOITATION
2026-01-06,SYS_011,AST_F27373CF,5,0.042627,1,3.643,EXPLOITATION
2026-01-07,SYS_000,AST_3C044E12,6,0.031348,1,2.826861,EXPLOITATION
2026-01-07,SYS_001,AST_F94717AF,6,0.093455,1,7.50811,EXPLOITATION
2026-01-07,SYS_002,AST_53ADD945,6,0.034785,1,3.114869,EXPLOITATION
2026-01-07,SYS_003,AST_35B3FF0B,6,0.044402,1,3.009454,EXPLOITATION
2026-01-07,SYS_004,AST_65F217BF,6,0.079694,1,1.61924,EXPLOITATION
2026-01-07,SYS_005,AST_D395BFCC,6,0.038067,1,2.985335,EXPLOITATION
2026-01-07,SYS_006,AST_5923ED69,6,0.075592,1,4.799896,EXPLOITATION
2026-01-07,SYS_007,AST_2D18E63E,6,0.030504,1,2.519697,EXPLOITATION
2026-01-07,SYS_008,AST_A4091273,6,0.056826,1,3.714284,EXPLOITATION
2026-01-07,SYS_009,AST_5A00C9C1,6,0.039135,1,3.096526,EXPLOITATION
2026-01-07,SYS_010,AST_36B79295,6,0.05574,1,1.115775,EXPLOITATION
2026-01-07,SYS_011,AST_F27373CF,6,0.052345,1,2.766049,EXPLOITATION
2026-01-08,SYS_000,AST_3C044E12,7,0.034846,1,1.559811,EXPLOITATION
2026-01-08,SYS_001,AST_F94717AF,7,0.107131,1,3.235157,EXPLOITATION
2026-01-08,SYS_002,AST_53ADD945,7,0.042614,1,1.279493,EXPLOITATION
2026-01-08,SYS_003,AST_35B3FF0B,7,0.047839,1,1.199821,EXPLOITATION
2026-01-08,SYS_004,AST_65F217BF,7,0.083262,1,2.718563,EXPLOITATION
2026-01-08,SYS_005,AST_D395BFCC,7,0.042346,1,3.120167,EXPLOITATION
2026-01-08,SYS_006,AST_5923ED69,7,0.088042,1,1.846424,EXPLOITATION
2026-01-08,SYS_007,AST_2D18E63E,7,0.033673,1,2.600419,EXPLOITATION
2026-01-08,SYS_008,AST_A4091273,7,0.065011,1,3.046601,EXPLOITATION
2026-01-08,SYS_009,AST_5A00C9C1,7,0.046235,1,4.265545,EXPLOITATION
2026-01-08,SYS_010,AST_36B79295,7,0.058523,1,1.934311,EXPLOITATION
2026-01-08,SYS_011,AST_F27373CF,7,0.060714,1,4.688891,EXPLOITATION
2026-01-09,SYS_000,AST_3C044E12,8,0.037452,1,1.231105,EXPLOITATION
2026-01-09,SYS_001,AST_F94717AF,8,0.111359,1,2.284974,EXPLOITATION
2026-01-09,SYS_002,AST_53ADD945,8,0.047805,1,1.798433,EXPLOITATION
2026-01-09,SYS_003,AST_35B3FF0B,8,0.102804,1,4.430114,EXPLOITATION
2026-01-09,SYS_004,AST_65F217BF,8,0.086197,1,2.488479,EXPLOITATION
2026-01-09,SYS_005,AST_D395BFCC,8,0.048259,1,2.437695,EXPLOITATION
2026-01-09,SYS_006,AST_5923ED69,8,0.092025,1,2.718471,EXPLOITATION
2026-01-09,SYS_007,AST_2D18E63E,8,0.035921,1,1.376231,EXPLOITATION
2026-01-09,SYS_008,AST_A4091273,8,0.072126,1,4.722403,EXPLOITATION
2026-01-09,SYS_009,AST_5A00C9C1,8,0.052196,1,1.988908,EXPLOITATION
2026-01-09,SYS_010,AST_36B79295,8,0.061345,1,1.916256,EXPLOITATION
2026-01-09,SYS_011,AST_F27373CF,8,0.069259,1,2.330916,EXPLOITATION
2026-01-10,SYS_000,AST_3C044E12,9,0.047391,1,2.802735,EXPLOITATION
2026-01-10,SYS_001,AST_F94717AF,9,0.115869,1,3.94291,EXPLOITATION
2026-01-10,SYS_002,AST_53ADD945,9,0.050241,1,2.133039,EXPLOITATION
2026-01-10,SYS_003,AST_35B3FF0B,9,0.106428,1,2.529705,EXPLOITATION
2026-01-10,SYS_004,AST_65F217BF,9,0.091838,1,4.032543,EXPLOITATION
2026-01-10,SYS_005,AST_D395BFCC,9,0.057361,1,3.847397,EXPLOITATION
2026-01-10,SYS_006,AST_5923ED69,9,0.095994,1,2.968464,EXPLOITATION
2026-01-10,SYS_007,AST_2D18E63E,9,0.039986,1,2.006546,EXPLOITATION
2026-01-10,SYS_008,AST_A4091273,9,0.07481,1,3.332243,EXPLOITATION
2026-01-10,SYS_009,AST_5A00C9C1,9,0.06345,1,4.432636,EXPLOITATION
2026-01-10,SYS_010,AST_36B79295,9,0.070823,1,6.761754,EXPLOITATION
2026-01-10,SYS_011,AST_F27373CF,9,0.078878,1,4.279916,EXPLOITATION
2026-01-11,SYS_000,AST_3C044E12,10,0.05412,1,1.782277,EXPLOITATION
2026-01-11,SYS_001,AST_F94717AF,10,0.117577,1,1.533339,EXPLOITATION
2026-01-11,SYS_002,AST_53ADD945,10,0.052015,1,1.807333,EXPLOITATION
2026-01-11,SYS_003,AST_35B3FF0B,10,0.10963,1,1.463851,EXPLOITATION
2026-01-11,SYS_004,AST_65F217BF,10,0.098016,1,4.732809,EXPLOITATION
2026-01-11,SYS_005,AST_D395BFCC,10,0.061936,1,3.897695,EXPLOITATION
2026-01-11,SYS_006,AST_5923ED69,10,0.097825,1,1.253788,EXPLOITATION
2026-01-11,SYS_007,AST_2D18E63E,10,0.045201,1,1.741821,EXPLOITATION
2026-01-11,SYS_008,AST_A4091273,10,0.076901,1,2.44538,EXPLOITATION
2026-01-11,SYS_009,AST_5A00C9C1,10,0.073557,1,2.60579,EXPLOITATION
2026-01-11,SYS_010,AST_36B79295,10,0.073987,1,2.487007,EXPLOITATION
2026-01-11,SYS_011,AST_F27373CF,10,0.098735,1,4.968471,EXPLOITATION
2026-01-12,SYS_000,AST_3C044E12,11,0.055667,1,1.60485,EXPLOITATION
2026-01-12,SYS_001,AST_F94717AF,11,0.130927,1,3.463298,EXPLOITATION
2026-01-12,SYS_002,AST_53ADD945,11,0.058632,1,1.919595,EXPLOITATION
2026-01-12,SYS_003,AST_35B3FF0B,11,0.113901,1,2.79729,EXPLOITATION
2026-01-12,SYS_004,AST_65F217BF,11,0.102183,1,2.322574,EXPLOITATION
2026-01-12,SYS_005,AST_D395BFCC,11,0.063975,1,2.297351,EXPLOITATION
2026-01-12,SYS_006,AST_5923ED69,11,0.101498,1,2.677786,EXPLOITATION
2026-01-12,SYS_007,AST_2D18E63E,11,0.054131,1,1.48264,EXPLOITATION
2026-01-12,SYS_008,AST_A4091273,11,0.078634,1,1.910283,EXPLOITATION
2026-01-12,SYS_009,AST_5A00C9C1,11,0.085952,1,3.119996,EXPLOITATION
2026-01-12,SYS_010,AST_36B79295,11,0.086967,1,3.074451,EXPLOITATION
2026-01-12,SYS_011,AST_F27373CF,11,0.121042,1,8.664727,EXPLOITATION
2026-01-13,SYS_000,AST_3C044E12,12,0.059344,1,1.902765,EXPLOITATION
2026-01-13,SYS_001,AST_F94717AF,12,0.139111,1,2.58392,EXPLOITATION
2026-01-13,SYS_002,AST_53ADD945,12,0.063307,1,3.132046,EXPLOITATION
2026-01-13,SYS_003,AST_35B3FF0B,12,0.115881,1,3.142656,EXPLOITATION
2026-01-13,SYS_004,AST_65F217BF,12,0.106134,1,2.099222,EXPLOITATION
2026-01-13,SYS_005,AST_D395BFCC,12,0.068163,1,3.58023,EXPLOITATION
2026-01-13,SYS_006,AST_5923ED69,12,0.107864,1,2.937018,EXPLOITATION
2026-01-13,SYS_007,AST_2D18E63E,12,0.065732,1,4.118811,EXPLOITATION
2026-01-13,SYS_008,AST_A4091273,12,0.081605,1,1.949698,EXPLOITATION
2026-01-13,SYS_009,AST_5A00C9C1,12,0.087726,1,1.853907,EXPLOITATION
2026-01-13,SYS_010,AST_36B79295,12,0.096268,1,3.466002,EXPLOITATION
2026-01-13,SYS_011,AST_F27373CF,12,0.125052,1,2.33064,EXPLOITATION
2026-01-14,SYS_000,AST_3C044E12,13,0.078558,1,2.835132,EXPLOITATION
2026-01-14,SYS_001,AST_F94717AF,13,0.147094,1,2.208681,EXPLOITATION
2026-01-14,SYS_002,AST_53ADD945,13,0.076197,1,4.729976,EXPLOITATION
2026-01-14,SYS_003,AST_35B3FF0B,13,0.11879,1,1.971813,EXPLOITATION
2026-01-14,SYS_004,AST_65F217BF,13,0.109346,1,1.778662,EXPLOITATION
2026-01-14,SYS_005,AST_D395BFCC,13,0.072819,1,3.285084,EXPLOITATION
2026-01-14,SYS_006,AST_5923ED69,13,0.111735,1,3.28859,EXPLOITATION
2026-01-14,SYS_007,AST_2D18E63E,13,0.071503,1,3.625859,EXPLOITATION
2026-01-14,SYS_008,AST_A4091273,13,0.083824,1,1.680373,EXPLOITATION
2026-01-14,SYS_009,AST_5A00C9C1,13,0.095832,1,2.32965,EXPLOITATION
2026-01-14,SYS_010,AST_36B79295,13,0.113829,1,3.509581,EXPLOITATION
2026-01-14,SYS_011,AST_F27373CF,13,0.134298,1,2.764364,EXPLOITATION
2026-01-15,SYS_000,AST_3C044E12,14,0.089137,1,4.513775,EXPLOITATION
2026-01-15,SYS_001,AST_F94717AF,14,0.155711,1,3.344902,EXPLOITATION
2026-01-15,SYS_002,AST_53ADD945,14,0.087791,1,7.723118,EXPLOITATION
2026-01-15,SYS_003,AST_35B3FF0B,14,0.131791,1,2.722215,EXPLOITATION
2026-01-15,SYS_004,AST_65F217BF,14,0.113748,1,1.578007,EXPLOITATION
2026-01-15,SYS_005,AST_D395BFCC,14,0.081602,1,1.541725,EXPLOITATION
2026-01-15,SYS_006,AST_5923ED69,14,0.114042,1,2.218059,EXPLOITATION
2026-01-15,SYS_007,AST_2D18E63E,14,0.07714,1,1.970871,EXPLOITATION
2026-01-15,SYS_008,AST_A4091273,14,0.093613,1,3.541722,EXPLOITATION
2026-01-15,SYS_009,AST_5A00C9C1,14,0.09691,1,1.164204,EXPLOITATION
2026-01-15,SYS_010,AST_36B79295,14,0.114724,1,1.127793,EXPLOITATION
2026-01-15,SYS_011,AST_F27373CF,14,0.13993,1,4.501777,EXPLOITATION
2026-01-16,SYS_000,AST_3C044E12,15,0.095629,1,2.870817,EXPLOITATION
2026-01-16,SYS_001,AST_F94717AF,15,0.166478,1,3.117358,EXPLOITATION
2026-01-16,SYS_002,AST_53ADD945,15,0.089832,1,2.145476,EXPLOITATION
2026-01-16,SYS_003,AST_35B3FF0B,15,0.137639,1,3.202675,EXPLOITATION
2026-01-16,SYS_004,AST_65F217BF,15,0.128454,1,7.23891,EXPLOITATION
2026-01-16,SYS_005,AST_D395BFCC,15,0.087949,1,1.399814,EXPLOITATION
2026-01-16,SYS_006,AST_5923ED69,15,0.122114,1,2.618524,EXPLOITATION
2026-01-16,SYS_007,AST_2D18E63E,15,0.091671,1,6.049729,EXPLOITATION
2026-01-16,SYS_008,AST_A4091273,15,0.10442,1,2.580411,EXPLOITATION
2026-01-16,SYS_009,AST_5A00C9C1,15,0.106507,1,2.416165,EXPLOITATION
2026-01-16,SYS_010,AST_36B79295,15,0.124344,1,4.235944,EXPLOITATION
2026-01-16,SYS_011,AST_F27373CF,15,0.148208,1,4.225897,EXPLOITATION
2026-01-17,SYS_000,AST_3C044E12,16,0.098675,1,2.603455,EXPLOITATION
2026-01-17,SYS_001,AST_F94717AF,16,0.168846,1,1.900072,EXPLOITATION
2026-01-17,SYS_002,AST_53ADD945,16,0.106741,1,2.014053,EXPLOITATION
2026-01-17,SYS_003,AST_35B3FF0B,16,0.142019,1,2.599405,EXPLOITATION
2026-01-17,SYS_004,AST_65F217BF,16,0.131373,1,1.927539,EXPLOITATION
2026-01-17,SYS_005,AST_D395BFCC,16,0.099727,1,4.81768,EXPLOITATION
2026-01-17,SYS_006,AST_5923ED69,16,0.128114,1,2.063917,EXPLOITATION
2026-01-17,SYS_007,AST_2D18E63E,16,0.098027,1,2.233841,EXPLOITATION
2026-01-17,SYS_008,AST_A4091273,16,0.16169,1,5.992271,EXPLOITATION
2026-01-17,SYS_009,AST_5A00C9C1,16,0.120144,1,4.844295,EXPLOITATION
2026-01-17,SYS_010,AST_36B79295,16,0.125631,1,1.42819,EXPLOITATION
2026-01-17,SYS_011,AST_F27373CF,16,0.151724,1,1.437063,EXPLOITATION
2026-01-18,SYS_000,AST_3C044E12,17,0.103516,1,2.880646,EXPLOITATION
2026-01-18,SYS_001,AST_F94717AF,17,0.183486,1,5.389902,EXPLOITATION
2026-01-18,SYS_002,AST_53ADD945,17,0.110395,1,2.069031,EXPLOITATION
2026-01-18,SYS_003,AST_35B3FF0B,17,0.148576,1,4.006188,EXPLOITATION
2026-01-18,SYS_004,AST_65F217BF,17,0.136128,1,2.992116,EXPLOITATION
2026-01-18,SYS_005,AST_D395BFCC,17,0.103964,1,2.362325,EXPLOITATION
2026-01-18,SYS_006,AST_5923ED69,17,0.13705,1,2.888236,EXPLOITATION
2026-01-18,SYS_007,AST_2D18E63E,17,0.100548,1,1.842654,EXPLOITATION
2026-01-18,SYS_008,AST_A4091273,17,0.171143,1,2.527763,EXPLOITATION
2026-01-18,SYS_009,AST_5A00C9C1,17,0.129075,1,4.158828,EXPLOITATION
2026-01-18,SYS_010,AST_36B79295,17,0.130846,1,2.482869,EXPLOITATION
2026-01-18,SYS_011,AST_F27373CF,17,0.171349,1,8.049839,EXPLOITATION
2026-01-19,SYS_000,AST_3C044E12,18,0.112327,1,5.13166,EXPLOITATION
2026-01-19,SYS_001,AST_F94717AF,18,0.191124,1,2.703189,EXPLOITATION
2026-01-19,SYS_002,AST_53ADD945,18,0.114312,1,2.231689,EXPLOITATION
2026-01-19,SYS_003,AST_35B3FF0B,18,0.157178,1,2.77781,EXPLOITATION
2026-01-19,SYS_004,AST_65F217BF,18,0.141426,1,2.645291,EXPLOITATION
2026-01-19,SYS_005,AST_D395BFCC,18,0.115415,1,5.059954,EXPLOITATION
2026-01-19,SYS_006,AST_5923ED69,18,0.142286,1,4.130489,EXPLOITATION
2026-01-19,SYS_007,AST_2D18E63E,18,0.10535,1,1.477833,EXPLOITATION
2026-01-19,SYS_008,AST_A4091273,18,0.175858,1,2.301184,EXPLOITATION
2026-01-19,SYS_009,AST_5A00C9C1,18,0.132856,1,2.315792,EXPLOITATION
2026-01-19,SYS_010,AST_36B79295,18,0.137649,1,3.103576,EXPLOITATION
2026-01-19,SYS_011,AST_F27373CF,18,0.188509,1,1.986379,EXPLOITATION
2026-01-20,SYS_000,AST_3C044E12,19,0.115534,1,1.391347,EXPLOITATION
2026-01-20,SYS_001,AST_F94717AF,19,0.19652,1,2.871428,EXPLOITATION
2026-01-20,SYS_002,AST_53ADD945,19,0.121799,1,3.650627,EXPLOITATION
2026-01-20,SYS_003,AST_35B3FF0B,19,0.160578,1,1.584493,EXPLOITATION
2026-01-20,SYS_004,AST_65F217BF,19,0.14689,1,3.108203,EXPLOITATION
2026-01-20,SYS_005,AST_D395BFCC,19,0.121762,1,1.6543,EXPLOITATION
2026-01-20,SYS_006,AST_5923ED69,19,0.147748,1,2.66112,EXPLOITATION
2026-01-20,SYS_007,AST_2D18E63E,19,0.110332,1,1.92629,EXPLOITATION
2026-01-20,SYS_008,AST_A4091273,19,0.20479,1,4.672448,EXPLOITATION
2026-01-20,SYS_009,AST_5A00C9C1,19,0.14043,1,4.656103,EXPLOITATION
2026-01-20,SYS_010,AST_36B79295,19,0.138491,1,0.983199,EXPLOITATION
2026-01-20,SYS_011,AST_F27373CF,19,0.191548,1,1.194434,EXPLOITATION
2026-01-21,SYS_000,AST_3C044E12,20,0.119083,1,2.513383,EXPLOITATION
2026-01-21,SYS_001,AST_F94717AF,20,0.201627,1,2.052434,EXPLOITATION
2026-01-21,SYS_002,AST_53ADD945,20,0.127396,1,2.757306,EXPLOITATION
2026-01-21,SYS_003,AST_35B3FF0B,20,0.164578,1,2.166864,EXPLOITATION
2026-01-21,SYS_004,AST_65F217BF,20,0.161612,1,3.098322,EXPLOITATION
2026-01-21,SYS_005,AST_D395BFCC,20,0.14189,1,4.711502,EXPLOITATION
2026-01-21,SYS_006,AST_5923ED69,20,0.156846,1,3.396889,EXPLOITATION
2026-01-21,SYS_007,AST_2D18E63E,20,0.11443,1,1.837373,EXPLOITATION
2026-01-21,SYS_008,AST_A4091273,20,0.210806,1,2.224608,EXPLOITATION
2026-01-21,SYS_009,AST_5A00C9C1,20,0.146285,1,4.855696,EXPLOITATION
2026-01-21,SYS_010,AST_36B79295,20,0.17648,1,4.249303,EXPLOITATION
2026-01-21,SYS_011,AST_F27373CF,20,0.207376,1,2.980626,EXPLOITATION
2026-01-22,SYS_000,AST_3C044E12,21,0.12465,1,2.679476,EXPLOITATION
2026-01-22,SYS_001,AST_F94717AF,21,0.209747,1,4.654987,EXPLOITATION
2026-01-22,SYS_002,AST_53ADD945,21,0.132254,1,2.417439,EXPLOITATION
2026-01-22,SYS_003,AST_35B3FF0B,21,0.174489,1,3.84987,EXPLOITATION
2026-01-22,SYS_004,AST_65F217BF,21,0.174112,1,3.21458,EXPLOITATION
2026-01-22,SYS_005,AST_D395BFCC,21,0.150779,1,4.927658,EXPLOITATION
2026-01-22,SYS_006,AST_5923ED69,21,0.160183,1,1.941627,EXPLOITATION
2026-01-22,SYS_007,AST_2D18E63E,21,0.118709,1,3.75885,EXPLOITATION
2026-01-22,SYS_008,AST_A4091273,21,0.256909,1,8.095096,EXPLOITATION
2026-01-22,SYS_009,AST_5A00C9C1,21,0.159768,1,4.61209,EXPLOITATION
2026-01-22,SYS_010,AST_36B79295,21,0.177559,1,2.085364,EXPLOITATION
2026-01-22,SYS_011,AST_F27373CF,21,0.212449,1,2.523416,EXPLOITATION
2026-01-23,SYS_000,AST_3C044E12,22,0.127896,1,1.907314,EXPLOITATION
2026-01-23,SYS_001,AST_F94717AF,22,0.213437,1,3.264975,EXPLOITATION
2026-01-23,SYS_002,AST_53ADD945,22,0.138104,1,2.274207,EXPLOITATION
2026-01-23,SYS_003,AST_35B3FF0B,22,0.175989,1,1.454661,EXPLOITATION
2026-01-23,SYS_004,AST_65F217BF,22,0.175593,1,2.128469,EXPLOITATION
2026-01-23,SYS_005,AST_D395BFCC,22,0.159556,1,2.342755,EXPLOITATION
2026-01-23,SYS_006,AST_5923ED69,22,0.163143,1,2.653798,EXPLOITATION
2026-01-23,SYS_007,AST_2D18E63E,22,0.125063,1,1.793904,EXPLOITATION
2026-01-23,SYS_008,AST_A4091273,22,0.272966,1,4.881325,EXPLOITATION
2026-01-23,SYS_009,AST_5A00C9C1,22,0.16316,1,3.868466,EXPLOITATION
2026-01-23,SYS_010,AST_36B79295,22,0.188815,1,2.590664,EXPLOITATION
2026-01-23,SYS_011,AST_F27373CF,22,0.215273,1,1.169905,EXPLOITATION
2026-01-24,SYS_000,AST_3C044E12,23,0.133025,1,2.92706,EXPLOITATION
2026-01-24,SYS_001,AST_F94717AF,23,0.229103,1,5.653582,EXPLOITATION
2026-01-24,SYS_002,AST_53ADD945,23,0.141015,1,2.571968,EXPLOITATION
2026-01-24,SYS_003,AST_35B3FF0B,23,0.178369,1,1.767089,EXPLOITATION
2026-01-24,SYS_004,AST_65F217BF,23,0.181697,1,3.786249,EXPLOITATION
2026-01-24,SYS_005,AST_D395BFCC,23,0.161084,1,2.091892,EXPLOITATION
2026-01-24,SYS_006,AST_5923ED69,23,0.166653,1,1.762167,EXPLOITATION
2026-01-24,SYS_007,AST_2D18E63E,23,0.127373,1,3.632399,EXPLOITATION
2026-01-24,SYS_008,AST_A4091273,23,0.277056,1,2.192219,EXPLOITATION
2026-01-24,SYS_009,AST_5A00C9C1,23,0.171361,1,2.144584,EXPLOITATION
2026-01-24,SYS_010,AST_36B79295,23,0.190282,1,1.677125,EXPLOITATION
2026-01-24,SYS_011,AST_F27373CF,23,0.219046,1,2.318064,EXPLOITATION
2026-01-25,SYS_000,AST_3C044E12,24,0.142398,1,1.421877,EXPLOITATION
2026-01-25,SYS_001,AST_F94717AF,24,0.237908,1,3.662499,EXPLOITATION
2026-01-25,SYS_002,AST_53ADD945,24,0.148062,1,4.204862,EXPLOITATION
2026-01-25,SYS_003,AST_35B3FF0B,24,0.18386,1,3.018662,EXPLOITATION
2026-01-25,SYS_004,AST_65F217BF,24,0.186698,1,2.818571,EXPLOITATION
2026-01-25,SYS_005,AST_D395BFCC,24,0.16502,1,2.263582,EXPLOITATION
2026-01-25,SYS_006,AST_5923ED69,24,0.169093,1,1.741533,EXPLOITATION
2026-01-25,SYS_007,AST_2D18E63E,24,0.13123,1,1.573803,EXPLOITATION
2026-01-25,SYS_008,AST_A4091273,24,0.284032,1,3.515277,EXPLOITATION
2026-01-25,SYS_009,AST_5A00C9C1,24,0.174754,1,1.614639,EXPLOITATION
2026-01-25,SYS_010,AST_36B79295,24,0.197624,1,3.127558,EXPLOITATION
2026-01-25,SYS_011,AST_F27373CF,24,0.231739,1,3.197465,EXPLOITATION
2026-01-26,SYS_000,AST_3C044E12,25,0.143661,1,1.428684,EXPLOITATION
2026-01-26,SYS_001,AST_F94717AF,25,0.278856,1,4.176156,EXPLOITATION
2026-01-26,SYS_002,AST_53ADD945,25,0.153317,1,2.017424,EXPLOITATION
2026-01-26,SYS_003,AST_35B3FF0B,25,0.191564,1,2.063312,EXPLOITATION
2026-01-26,SYS_004,AST_65F217BF,25,0.191175,1,1.849874,EXPLOITATION
2026-01-26,SYS_005,AST_D395BFCC,25,0.186146,1,4.032382,EXPLOITATION
2026-01-26,SYS_006,AST_5923ED69,25,0.178063,1,3.415112,EXPLOITATION
2026-01-26,SYS_007,AST_2D18E63E,25,0.133591,1,2.235042,EXPLOITATION
2026-01-26,SYS_008,AST_A4091273,25,0.295868,1,3.720072,EXPLOITATION
2026-01-26,SYS_009,AST_5A00C9C1,25,0.183445,1,4.277582,EXPLOITATION
2026-01-26,SYS_010,AST_36B79295,25,0.202965,1,1.892005,EXPLOITATION
2026-01-26,SYS_011,AST_F27373CF,25,0.235408,1,3.105458,EXPLOITATION
2026-01-27,SYS_000,AST_3C044E12,26,0.155065,1,4.463218,EXPLOITATION
2026-01-27,SYS_001,AST_F94717AF,26,0.282699,1,1.002394,EXPLOITATION
2026-01-27,SYS_002,AST_53ADD945,26,0.158556,1,3.560967,EXPLOITATION
2026-01-27,SYS_003,AST_35B3FF0B,26,0.194347,1,2.631524,EXPLOITATION
2026-01-27,SYS_004,AST_65F217BF,26,0.200513,1,2.909727,EXPLOITATION
2026-01-27,SYS_005,AST_D395BFCC,26,0.20322,1,4.781161,EXPLOITATION
2026-01-27,SYS_006,AST_5923ED69,26,0.182067,1,2.141674,EXPLOITATION
2026-01-27,SYS_007,AST_2D18E63E,26,0.140344,1,1.320909,EXPLOITATION
2026-01-27,SYS_008,AST_A4091273,26,0.300538,1,2.571634,EXPLOITATION
2026-01-27,SYS_009,AST_5A00C9C1,26,0.186035,1,2.518177,EXPLOITATION
2026-01-27,SYS_010,AST_36B79295,26,0.209291,1,2.295229,EXPLOITATION
2026-01-27,SYS_011,AST_F27373CF,26,0.238325,1,1.403063,EXPLOITATION
2026-01-28,SYS_000,AST_3C044E12,27,0.159268,1,3.160467,EXPLOITATION
2026-01-28,SYS_001,AST_F94717AF,27,0.28705,1,2.898941,EXPLOITATION
2026-01-28,SYS_002,AST_53ADD945,27,0.166167,1,1.504821,EXPLOITATION
2026-01-28,SYS_003,AST_35B3FF0B,27,0.201962,1,3.037504,EXPLOITATION
2026-01-28,SYS_004,AST_65F217BF,27,0.207101,1,2.327285,EXPLOITATION
2026-01-28,SYS_005,AST_D395BFCC,27,0.207272,1,3.400493,EXPLOITATION
2026-01-28,SYS_006,AST_5923ED69,27,0.187574,1,1.680571,EXPLOITATION
2026-01-28,SYS_007,AST_2D18E63E,27,0.150709,1,2.858811,EXPLOITATION
2026-01-28,SYS_008,AST_A4091273,27,0.3057,1,1.797053,EXPLOITATION
2026-01-28,SYS_009,AST_5A00C9C1,27,0.189154,1,1.352748,EXPLOITATION
2026-01-28,SYS_010,AST_36B79295,27,0.238799,1,9.387012,EXPLOITATION
2026-01-28,SYS_011,AST_F27373CF,27,0.242283,1,3.088185,EXPLOITATION
2026-01-29,SYS_000,AST_3C044E12,28,0.166712,1,4.028362,EXPLOITATION
2026-01-29,SYS_001,AST_F94717AF,28,0.2935,1,2.707573,EXPLOITATION
2026-01-29,SYS_002,AST_53ADD945,28,0.182805,1,4.064592,EXPLOITATION
2026-01-29,SYS_003,AST_35B3FF0B,28,0.205931,1,2.469936,EXPLOITATION
2026-01-29,SYS_004,AST_65F217BF,28,0.213899,1,2.163011,EXPLOITATION
2026-01-29,SYS_005,AST_D395BFCC,28,0.219502,1,2.930337,EXPLOITATION
2026-01-29,SYS_006,AST_5923ED69,28,0.195414,1,4.058582,EXPLOITATION
2026-01-29,SYS_007,AST_2D18E63E,28,0.168251,1,2.792792,EXPLOITATION
2026-01-29,SYS_008,AST_A4091273,28,0.310544,1,1.495846,EXPLOITATION
2026-01-29,SYS_009,AST_5A00C9C1,28,0.198885,1,2.428016,EXPLOITATION
2026-01-29,SYS_010,AST_36B79295,28,0.25006,1,2.957944,EXPLOITATION
2026-01-29,SYS_011,AST_F27373CF,28,0.252415,1,3.825563,EXPLOITATION
2026-01-30,SYS_000,AST_3C044E12,29,0.171649,1,4.236444,EXPLOITATION
2026-01-30,SYS_001,AST_F94717AF,29,0.29687,1,1.995436,EXPLOITATION
2026-01-30,SYS_002,AST_53ADD945,29,0.197462,1,3.91535,EXPLOITATION
2026-01-30,SYS_003,AST_35B3FF0B,29,0.208188,1,1.59551,EXPLOITATION
2026-01-30,SYS_004,AST_65F217BF,29,0.216014,1,2.136162,EXPLOITATION
2026-01-30,SYS_005,AST_D395BFCC,29,0.248872,1,9.691981,EXPLOITATION
2026-01-30,SYS_006,AST_5923ED69,29,0.211858,1,3.213194,EXPLOITATION
2026-01-30,SYS_007,AST_2D18E63E,29,0.186149,1,3.159167,EXPLOITATION
2026-01-30,SYS_008,AST_A4091273,29,0.320631,1,5.660429,EXPLOITATION
2026-01-30,SYS_009,AST_5A00C9C1,29,0.209549,1,3.163867,EXPLOITATION
2026-01-30,SYS_010,AST_36B79295,29,0.262516,1,4.593554,EXPLOITATION
2026-01-30,SYS_011,AST_F27373CF,29,0.255922,1,2.570463,EXPLOITATION
2026-01-31,SYS_000,AST_3C044E12,30,0.175229,1,1.342151,EXPLOITATION
2026-01-31,SYS_001,AST_F94717AF,30,0.301153,1,1.912198,EXPLOITATION
2026-01-31,SYS_002,AST_53ADD945,30,0.199803,1,1.483042,EXPLOITATION
2026-01-31,SYS_003,AST_35B3FF0B,30,0.215878,1,4.087969,EXPLOITATION
2026-01-31,SYS_004,AST_65F217BF,30,0.22601,1,1.943137,EXPLOITATION
2026-01-31,SYS_005,AST_D395BFCC,30,0.254442,1,3.552982,EXPLOITATION
2026-01-31,SYS_006,AST_5923ED69,30,0.216583,1,2.940174,EXPLOITATION
2026-01-31,SYS_007,AST_2D18E63E,30,0.20248,1,4.690367,EXPLOITATION
2026-01-31,SYS_008,AST_A4091273,30,0.329831,1,1.458701,EXPLOITATION
2026-01-31,SYS_009,AST_5A00C9C1,30,0.214656,1,1.706963,EXPLOITATION
2026-01-31,SYS_010,AST_36B79295,30,0.271073,1,3.186522,EXPLOITATION
2026-01-31,SYS_011,AST_F27373CF,30,0.262709,1,2.639846,EXPLOITATION
2026-02-01,SYS_000,AST_3C044E12,31,0.181181,1,2.695279,EXPLOITATION
2026-02-01,SYS_001,AST_F94717AF,31,0.317935,1,4.731409,EXPLOITATION
2026-02-01,SYS_002,AST_53ADD945,31,0.206473,1,2.178725,EXPLOITATION
2026-02-01,SYS_003,AST_35B3FF0B,31,0.21814,1,1.92327,EXPLOITATION
2026-02-01,SYS_004,AST_65F217BF,31,0.232175,1,3.794686,EXPLOITATION
2026-02-01,SYS_005,AST_D395BFCC,31,0.256757,1,2.651006,EXPLOITATION
2026-02-01,SYS_006,AST_5923ED69,31,0.219084,1,2.342999,EXPLOITATION
2026-02-01,SYS_007,AST_2D18E63E,31,0.218548,1,4.682387,EXPLOITATION
2026-02-01,SYS_008,AST_A4091273,31,0.354408,1,5.005791,EXPLOITATION
2026-02-01,SYS_009,AST_5A00C9C1,31,0.225995,1,3.255038,EXPLOITATION
2026-02-01,SYS_010,AST_36B79295,31,0.276234,1,5.502388,EXPLOITATION
2026-02-01,SYS_011,AST_F27373CF,31,0.27564,1,4.21796,EXPLOITATION
2026-02-02,SYS_000,AST_3C044E12,32,0.186463,1,2.525671,EXPLOITATION
2026-02-02,SYS_001,AST_F94717AF,32,0.321244,1,1.955035,EXPLOITATION
2026-02-02,SYS_002,AST_53ADD945,32,0.213637,1,2.637434,EXPLOITATION
2026-02-02,SYS_003,AST_35B3FF0B,32,0.223812,1,1.501817,EXPLOITATION
2026-02-02,SYS_004,AST_65F217BF,32,0.239584,1,3.254114,EXPLOITATION
2026-02-02,SYS_005,AST_D395BFCC,32,0.266143,1,4.671764,EXPLOITATION
2026-02-02,SYS_006,AST_5923ED69,32,0.222021,1,0.929072,EXPLOITATION
2026-02-02,SYS_007,AST_2D18E63E,32,0.225045,1,3.084825,EXPLOITATION
2026-02-02,SYS_008,AST_A4091273,32,0.360731,1,2.624999,EXPLOITATION
2026-02-02,SYS_009,AST_5A00C9C1,32,0.240619,1,3.359274,EXPLOITATION
2026-02-02,SYS_010,AST_36B79295,32,0.284613,1,3.089279,EXPLOITATION
2026-02-02,SYS_011,AST_F27373CF,32,0.288254,1,3.704182,EXPLOITATION
2026-02-03,SYS_000,AST_3C044E12,33,0.189026,1,2.313747,EXPLOITATION
2026-02-03,SYS_001,AST_F94717AF,33,0.324705,1,3.085883,EXPLOITATION
2026-02-03,SYS_002,AST_53ADD945,33,0.216801,1,1.58608,EXPLOITATION
2026-02-03,SYS_003,AST_35B3FF0B,33,0.230037,1,5.424354,EXPLOITATION
2026-02-03,SYS_004,AST_65F217BF,33,0.242896,1,2.31822,EXPLOITATION
2026-02-03,SYS_005,AST_D395BFCC,33,0.272245,1,2.819214,EXPLOITATION
2026-02-03,SYS_006,AST_5923ED69,33,0.225149,1,3.144556,EXPLOITATION
2026-02-03,SYS_007,AST_2D18E63E,33,0.227913,1,2.06737,EXPLOITATION
2026-02-03,SYS_008,AST_A4091273,33,0.365987,1,1.703359,EXPLOITATION
2026-02-03,SYS_009,AST_5A00C9C1,33,0.252047,1,2.924873,EXPLOITATION
2026-02-03,SYS_010,AST_36B79295,33,0.290934,1,1.977924,EXPLOITATION
2026-02-03,SYS_011,AST_F27373CF,33,0.293358,1,1.988116,EXPLOITATION
2026-02-04,SYS_000,AST_3C044E12,34,0.197466,1,2.910156,EXPLOITATION
2026-02-04,SYS_001,AST_F94717AF,34,0.33222,1,2.951707,EXPLOITATION
2026-02-04,SYS_002,AST_53ADD945,34,0.220551,1,1.984787,EXPLOITATION
2026-02-04,SYS_003,AST_35B3FF0B,34,0.232067,1,3.169132,EXPLOITATION
2026-02-04,SYS_004,AST_65F217BF,34,0.247884,1,3.316637,EXPLOITATION
2026-02-04,SYS_005,AST_D395BFCC,34,0.27559,1,1.411811,EXPLOITATION
2026-02-04,SYS_006,AST_5923ED69,34,0.226632,1,1.262635,EXPLOITATION
2026-02-04,SYS_007,AST_2D18E63E,34,0.235434,1,5.266715,EXPLOITATION
2026-02-04,SYS_008,AST_A4091273,34,0.374465,1,3.670919,EXPLOITATION
2026-02-04,SYS_009,AST_5A00C9C1,34,0.258043,1,3.2024,EXPLOITATION
2026-02-04,SYS_010,AST_36B79295,34,0.301855,1,3.390182,EXPLOITATION
2026-02-04,SYS_011,AST_F27373CF,34,0.297206,1,1.73956,EXPLOITATION
2026-02-05,SYS_000,AST_3C044E12,35,0.202405,1,3.794974,EXPLOITATION
2026-02-05,SYS_001,AST_F94717AF,35,0.336081,1,1.890125,EXPLOITATION
2026-02-05,SYS_002,AST_53ADD945,35,0.221922,1,2.287941,EXPLOITATION
2026-02-05,SYS_003,AST_35B3FF0B,35,0.243547,1,3.727349,EXPLOITATION
2026-02-05,SYS_004,AST_65F217BF,35,0.25724,1,3.412822,EXPLOITATION
2026-02-05,SYS_005,AST_D395BFCC,35,0.282294,1,2.906447,EXPLOITATION
2026-02-05,SYS_006,AST_5923ED69,35,0.228918,1,2.405697,EXPLOITATION
2026-02-05,SYS_007,AST_2D18E63E,35,0.24142,1,1.076028,EXPLOITATION
2026-02-05,SYS_008,AST_A4091273,35,0.38405,1,2.707747,EXPLOITATION
2026-02-05,SYS_009,AST_5A00C9C1,35,0.266455,1,2.984216,EXPLOITATION
2026-02-05,SYS_010,AST_36B79295,35,0.315646,1,2.755367,EXPLOITATION
2026-02-05,SYS_011,AST_F27373CF,35,0.303394,1,2.591169,EXPLOITATION
2026-02-06,SYS_000,AST_3C044E12,36,0.219457,1,4.132721,EXPLOITATION
2026-02-06,SYS_001,AST_F94717AF,36,0.357368,1,3.077416,EXPLOITATION
2026-02-06,SYS_002,AST_53ADD945,36,0.227722,1,2.639359,EXPLOITATION
2026-02-06,SYS_003,AST_35B3FF0B,36,0.248849,1,2.911396,EXPLOITATION
2026-02-06,SYS_004,AST_65F217BF,36,0.26328,1,2.327894,EXPLOITATION
2026-02-06,SYS_005,AST_D395BFCC,36,0.290353,1,4.975478,EXPLOITATION
2026-02-06,SYS_006,AST_5923ED69,36,0.239327,1,2.236019,EXPLOITATION
2026-02-06,SYS_007,AST_2D18E63E,36,0.252144,1,5.082666,EXPLOITATION
2026-02-06,SYS_008,AST_A4091273,36,0.387265,1,3.973291,EXPLOITATION
2026-02-06,SYS_009,AST_5A00C9C1,36,0.279816,1,3.687784,EXPLOITATION
2026-02-06,SYS_010,AST_36B79295,36,0.329212,1,3.095504,EXPLOITATION
2026-02-06,SYS_011,AST_F27373CF,36,0.306069,1,1.523844,EXPLOITATION
2026-02-07,SYS_000,AST_3C044E12,37,0.226773,1,2.54886,EXPLOITATION
2026-02-07,SYS_001,AST_F94717AF,37,0.365917,1,1.608439,EXPLOITATION
2026-02-07,SYS_002,AST_53ADD945,37,0.238557,1,3.027695,EXPLOITATION
2026-02-07,SYS_003,AST_35B3FF0B,37,0.252414,1,1.152233,EXPLOITATION
2026-02-07,SYS_004,AST_65F217BF,37,0.267062,1,2.955199,EXPLOITATION
2026-02-07,SYS_005,AST_D395BFCC,37,0.303844,1,5.358702,EXPLOITATION
2026-02-07,SYS_006,AST_5923ED69,37,0.242302,1,1.572267,EXPLOITATION
2026-02-07,SYS_007,AST_2D18E63E,37,0.256345,1,2.426828,EXPLOITATION
2026-02-07,SYS_008,AST_A4091273,37,0.391537,1,1.745746,EXPLOITATION
2026-02-07,SYS_009,AST_5A00C9C1,37,0.294135,1,4.267743,EXPLOITATION
2026-02-07,SYS_010,AST_36B79295,37,0.335952,1,4.074716,EXPLOITATION
2026-02-07,SYS_011,AST_F27373CF,37,0.307159,1,1.131372,EXPLOITATION
2026-02-08,SYS_000,AST_3C044E12,38,0.229734,1,2.73767,EXPLOITATION
2026-02-08,SYS_001,AST_F94717AF,38,0.376723,1,3.384907,EXPLOITATION
2026-02-08,SYS_002,AST_53ADD945,38,0.242078,1,2.441502,EXPLOITATION
2026-02-08,SYS_003,AST_35B3FF0B,38,0.270415,1,2.823155,EXPLOITATION
2026-02-08,SYS_004,AST_65F217BF,38,0.276592,1,3.624795,EXPLOITATION
2026-02-08,SYS_005,AST_D395BFCC,38,0.30642,1,1.738798,EXPLOITATION
2026-02-08,SYS_006,AST_5923ED69,38,0.244697,1,1.218756,EXPLOITATION
2026-02-08,SYS_007,AST_2D18E63E,38,0.259464,1,2.939238,EXPLOITATION
2026-02-08,SYS_008,AST_A4091273,38,0.409794,1,5.787023,EXPLOITATION
2026-02-08,SYS_009,AST_5A00C9C1,38,0.299175,1,2.194434,EXPLOITATION
2026-02-08,SYS_010,AST_36B79295,38,0.337575,1,1.593298,EXPLOITATION
2026-02-08,SYS_011,AST_F27373CF,38,0.310359,1,1.718942,EXPLOITATION
2026-02-09,SYS_000,AST_3C044E12,39,0.23519,1,2.161736,EXPLOITATION
2026-02-09,SYS_001,AST_F94717AF,39,0.393755,1,6.041178,EXPLOITATION
2026-02-09,SYS_002,AST_53ADD945,39,0.247186,1,3.790967,EXPLOITATION
2026-02-09,SYS_003,AST_35B3FF0B,39,0.27449,1,4.292118,EXPLOITATION
2026-02-09,SYS_004,AST_65F217BF,39,0.277446,1,1.248245,EXPLOITATION
2026-02-09,SYS_005,AST_D395BFCC,39,0.311256,1,2.178859,EXPLOITATION
2026-02-09,SYS_006,AST_5923ED69,39,0.263046,1,2.560176,EXPLOITATION
2026-02-09,SYS_007,AST_2D18E63E,39,0.268723,1,2.830948,EXPLOITATION
2026-02-09,SYS_008,AST_A4091273,39,0.413809,1,2.246299,EXPLOITATION
2026-02-09,SYS_009,AST_5A00C9C1,39,0.304687,1,2.966887,EXPLOITATION
2026-02-09,SYS_010,AST_36B79295,39,0.339518,1,1.268634,EXPLOITATION
2026-02-09,SYS_011,AST_F27373CF,39,0.318228,1,3.244136,EXPLOITATION
2026-02-10,SYS_000,AST_3C044E12,40,0.244293,1,3.189989,EXPLOITATION
2026-02-10,SYS_001,AST_F94717AF,40,0.396879,1,2.541376,EXPLOITATION
2026-02-10,SYS_002,AST_53ADD945,40,0.252426,1,2.43409,EXPLOITATION
2026-02-10,SYS_003,AST_35B3FF0B,40,0.279337,1,3.166346,EXPLOITATION
2026-02-10,SYS_004,AST_65F217BF,40,0.283137,1,3.104899,EXPLOITATION
2026-02-10,SYS_005,AST_D395BFCC,40,0.35818,1,11.801053,EXPLOITATION
2026-02-10,SYS_006,AST_5923ED69,40,0.265121,1,4.418159,EXPLOITATION
2026-02-10,SYS_007,AST_2D18E63E,40,0.279785,1,1.968739,EXPLOITATION
2026-02-10,SYS_008,AST_A4091273,40,0.420178,1,5.946695,EXPLOITATION
2026-02-10,SYS_009,AST_5A00C9C1,40,0.308416,1,1.793359,EXPLOITATION
2026-02-10,SYS_010,AST_36B79295,40,0.3601,1,3.099078,EXPLOITATION
2026-02-10,SYS_011,AST_F27373CF,40,0.32186,1,2.73961,EXPLOITATION
2026-02-11,SYS_000,AST_3C044E12,41,0.246551,1,2.568038,EXPLOITATION
2026-02-11,SYS_001,AST_F94717AF,41,0.399995,1,2.571673,EXPLOITATION
2026-02-11,SYS_002,AST_53ADD945,41,0.259569,1,2.086243,EXPLOITATION
2026-02-11,SYS_003,AST_35B3FF0B,41,0.281303,1,3.243077,EXPLOITATION
2026-02-11,SYS_004,AST_65F217BF,41,0.290294,1,4.102948,EXPLOITATION
2026-02-11,SYS_005,AST_D395BFCC,41,0.364886,1,1.804703,EXPLOITATION
2026-02-11,SYS_006,AST_5923ED69,41,0.266572,1,1.182228,EXPLOITATION
2026-02-11,SYS_007,AST_2D18E63E,41,0.293329,1,4.873111,EXPLOITATION
2026-02-11,SYS_008,AST_A4091273,41,0.425358,1,3.287571,EXPLOITATION
2026-02-11,SYS_009,AST_5A00C9C1,41,0.312269,1,2.3087,EXPLOITATION
2026-02-11,SYS_010,AST_36B79295,41,0.365717,1,3.506571,EXPLOITATION
2026-02-11,SYS_011,AST_F27373CF,41,0.326848,1,1.81585,EXPLOITATION
2026-02-12,SYS_000,AST_3C044E12,42,0.249468,1,3.14997,EXPLOITATION
2026-02-12,SYS_001,AST_F94717AF,42,0.406028,1,3.082163,EXPLOITATION
2026-02-12,SYS_002,AST_53ADD945,42,0.266535,1,3.935252,EXPLOITATION
2026-02-12,SYS_003,AST_35B3FF0B,42,0.313089,1,4.751758,EXPLOITATION
2026-02-12,SYS_004,AST_65F217BF,42,0.301302,1,3.324396,EXPLOITATION
2026-02-12,SYS_005,AST_D395BFCC,42,0.36598,1,0.810412,EXPLOITATION
2026-02-12,SYS_006,AST_5923ED69,42,0.268766,1,1.921208,EXPLOITATION
2026-02-12,SYS_007,AST_2D18E63E,42,0.302434,1,1.60163,EXPLOITATION
2026-02-12,SYS_008,AST_A4091273,42,0.427742,1,3.563473,EXPLOITATION
2026-02-12,SYS_009,AST_5A00C9C1,42,0.315067,1,2.045166,EXPLOITATION
2026-02-12,SYS_010,AST_36B79295,42,0.371676,1,4.885307,EXPLOITATION
2026-02-12,SYS_011,AST_F27373CF,42,0.336617,1,4.266138,EXPLOITATION
2026-02-13,SYS_000,AST_3C044E12,43,0.266511,1,4.808102,EXPLOITATION
2026-02-13,SYS_001,AST_F94717AF,43,0.40893,1,1.542986,EXPLOITATION
2026-02-13,SYS_002,AST_53ADD945,43,0.271976,1,1.739562,EXPLOITATION
2026-02-13,SYS_003,AST_35B3FF0B,43,0.329133,1,7.469574,EXPLOITATION
2026-02-13,SYS_004,AST_65F217BF,43,0.308417,1,1.675759,EXPLOITATION
2026-02-13,SYS_005,AST_D395BFCC,43,0.368524,1,2.145857,EXPLOITATION
2026-02-13,SYS_006,AST_5923ED69,43,0.281063,1,4.756131,EXPLOITATION
2026-02-13,SYS_007,AST_2D18E63E,43,0.307556,1,1.382628,EXPLOITATION
2026-02-13,SYS_008,AST_A4091273,43,0.437628,1,2.048172,EXPLOITATION
2026-02-13,SYS_009,AST_5A00C9C1,43,0.320538,1,2.679414,EXPLOITATION
2026-02-13,SYS_010,AST_36B79295,43,0.391434,1,4.146354,EXPLOITATION
2026-02-13,SYS_011,AST_F27373CF,43,0.343688,1,2.945483,EXPLOITATION
2026-02-14,SYS_000,AST_3C044E12,44,0.286444,1,3.388606,EXPLOITATION
2026-02-14,SYS_001,AST_F94717AF,44,0.415887,1,2.169938,EXPLOITATION
2026-02-14,SYS_002,AST_53ADD945,44,0.281587,1,4.273863,EXPLOITATION
2026-02-14,SYS_003,AST_35B3FF0B,44,0.330683,1,1.384915,EXPLOITATION
2026-02-14,SYS_004,AST_65F217BF,44,0.313444,1,1.565704,EXPLOITATION
2026-02-14,SYS_005,AST_D395BFCC,44,0.379905,1,3.196639,EXPLOITATION
2026-02-14,SYS_006,AST_5923ED69,44,0.283708,1,1.891129,EXPLOITATION
2026-02-14,SYS_007,AST_2D18E63E,44,0.334841,1,5.388943,EXPLOITATION
2026-02-14,SYS_008,AST_A4091273,44,0.440543,1,1.534537,EXPLOITATION
2026-02-14,SYS_009,AST_5A00C9C1,44,0.324542,1,2.558033,EXPLOITATION
2026-02-14,SYS_010,AST_36B79295,44,0.410147,1,5.453961,EXPLOITATION
2026-02-14,SYS_011,AST_F27373CF,44,0.349285,1,2.238768,EXPLOITATION
2026-02-15,SYS_000,AST_3C044E12,45,0.293965,1,2.888977,EXPLOITATION
2026-02-15,SYS_001,AST_F94717AF,45,0.418005,1,1.604411,EXPLOITATION
2026-02-15,SYS_002,AST_53ADD945,45,0.296829,1,3.49267,EXPLOITATION
2026-02-15,SYS_003,AST_35B3FF0B,45,0.350491,1,3.151048,EXPLOITATION
2026-02-15,SYS_004,AST_65F217BF,45,0.318227,1,2.336283,EXPLOITATION
2026-02-15,SYS_005,AST_D395BFCC,45,0.39291,1,4.274719,EXPLOITATION
2026-02-15,SYS_006,AST_5923ED69,45,0.298871,1,3.962747,EXPLOITATION
2026-02-15,SYS_007,AST_2D18E63E,45,0.341869,1,3.755912,EXPLOITATION
2026-02-15,SYS_008,AST_A4091273,45,0.442852,1,2.350873,EXPLOITATION
2026-02-15,SYS_009,AST_5A00C9C1,45,0.32712,1,1.676339,EXPLOITATION
2026-02-15,SYS_010,AST_36B79295,45,0.411707,1,1.482016,EXPLOITATION
2026-02-15,SYS_011,AST_F27373CF,45,0.355794,1,3.458297,EXPLOITATION
2026-02-16,SYS_000,AST_3C044E12,46,0.299261,1,2.608201,EXPLOITATION
2026-02-16,SYS_001,AST_F94717AF,46,0.421369,1,3.207603,EXPLOITATION
2026-02-16,SYS_002,AST_53ADD945,46,0.29954,1,2.030585,EXPLOITATION
2026-02-16,SYS_003,AST_35B3FF0B,46,0.374783,1,5.033542,EXPLOITATION
2026-02-16,SYS_004,AST_65F217BF,46,0.329099,1,2.759148,EXPLOITATION
2026-02-16,SYS_005,AST_D395BFCC,46,0.417322,1,9.060737,EXPLOITATION
2026-02-16,SYS_006,AST_5923ED69,46,0.316436,1,3.815337,EXPLOITATION
2026-02-16,SYS_007,AST_2D18E63E,46,0.357901,1,6.221994,EXPLOITATION
2026-02-16,SYS_008,AST_A4091273,46,0.45159,1,5.432807,EXPLOITATION
2026-02-16,SYS_009,AST_5A00C9C1,46,0.334448,1,3.006367,EXPLOITATION
2026-02-16,SYS_010,AST_36B79295,46,0.417116,1,1.505551,EXPLOITATION
2026-02-16,SYS_011,AST_F27373CF,46,0.362843,1,5.022503,EXPLOITATION
2026-02-17,SYS_000,AST_3C044E12,47,0.303539,1,2.465775,EXPLOITATION
2026-02-17,SYS_001,AST_F94717AF,47,0.422864,1,1.923275,EXPLOITATION
2026-02-17,SYS_002,AST_53ADD945,47,0.303827,1,3.710169,EXPLOITATION
2026-02-17,SYS_003,AST_35B3FF0B,47,0.379307,1,2.192297,EXPLOITATION
2026-02-17,SYS_004,AST_65F217BF,47,0.330668,1,1.700221,EXPLOITATION
2026-02-17,SYS_005,AST_D395BFCC,47,0.422774,1,3.354563,EXPLOITATION
2026-02-17,SYS_006,AST_5923ED69,47,0.325232,1,3.414825,EXPLOITATION
2026-02-17,SYS_007,AST_2D18E63E,47,0.363429,1,1.636192,EXPLOITATION
2026-02-17,SYS_008,AST_A4091273,47,0.462902,1,3.153779,EXPLOITATION
2026-02-17,SYS_009,AST_5A00C9C1,47,0.34085,1,2.377166,EXPLOITATION
2026-02-17,SYS_010,AST_36B79295,47,0.419992,1,2.187021,EXPLOITATION
2026-02-17,SYS_011,AST_F27373CF,47,0.365792,1,1.750181,EXPLOITATION
2026-02-18,SYS_000,AST_3C044E12,48,0.309804,1,3.490543,EXPLOITATION
2026-02-18,SYS_001,AST_F94717AF,48,0.434538,1,3.59003,EXPLOITATION
2026-02-18,SYS_002,AST_53ADD945,48,0.321869,1,5.810406,EXPLOITATION
2026-02-18,SYS_003,AST_35B3FF0B,48,0.383374,1,1.877038,EXPLOITATION
2026-02-18,SYS_004,AST_65F217BF,48,0.339945,1,4.302219,EXPLOITATION
2026-02-18,SYS_005,AST_D395BFCC,48,0.426445,1,2.840763,EXPLOITATION
2026-02-18,SYS_006,AST_5923ED69,48,0.328519,1,2.691036,EXPLOITATION
2026-02-18,SYS_007,AST_2D18E63E,48,0.376077,1,5.355776,EXPLOITATION
2026-02-18,SYS_008,AST_A4091273,48,0.50643,1,3.593467,EXPLOITATION
2026-02-18,SYS_009,AST_5A00C9C1,48,0.348977,1,2.198909,EXPLOITATION
2026-02-18,SYS_010,AST_36B79295,48,0.42864,1,2.619613,EXPLOITATION
2026-02-18,SYS_011,AST_F27373CF,48,0.372116,1,3.209397,EXPLOITATION
2026-02-19,SYS_000,AST_3C044E12,49,0.311591,1,2.38371,EXPLOITATION
2026-02-19,SYS_001,AST_F94717AF,49,0.442124,1,3.031234,EXPLOITATION
2026-02-19,SYS_002,AST_53ADD945,49,0.326746,1,2.409748,EXPLOITATION
2026-02-19,SYS_003,AST_35B3FF0B,49,0.388414,1,4.144186,EXPLOITATION
2026-02-19,SYS_004,AST_65F217BF,49,0.34917,1,7.961229,EXPLOITATION
2026-02-19,SYS_005,AST_D395BFCC,49,0.428163,1,1.040376,EXPLOITATION
2026-02-19,SYS_006,AST_5923ED69,49,0.33754,1,3.331658,EXPLOITATION
2026-02-19,SYS_007,AST_2D18E63E,49,0.379373,1,3.452674,EXPLOITATION
2026-02-19,SYS_008,AST_A4091273,49,0.509822,1,3.02099,EXPLOITATION
2026-02-19,SYS_009,AST_5A00C9C1,49,0.354975,1,2.671602,EXPLOITATION
2026-02-19,SYS_010,AST_36B79295,49,0.436628,1,3.509517,EXPLOITATION
2026-02-19,SYS_011,AST_F27373CF,49,0.383202,1,3.380533,EXPLOITATION
2026-02-20,SYS_000,AST_3C044E12,50,0.316411,1,1.736486,EXPLOITATION
2026-02-20,SYS_001,AST_F94717AF,50,0.448578,1,2.254613,EXPLOITATION
2026-02-20,SYS_002,AST_53ADD945,50,0.33744,1,2.059481,EXPLOITATION
2026-02-20,SYS_003,AST_35B3FF0B,50,0.392773,1,1.317207,EXPLOITATION
2026-02-20,SYS_004,AST_65F217BF,50,0.353259,1,1.53279,EXPLOITATION
2026-02-20,SYS_005,AST_D395BFCC,50,0.430328,1,2.123215,EXPLOITATION
2026-02-20,SYS_006,AST_5923ED69,50,0.366389,1,5.105167,EXPLOITATION
2026-02-20,SYS_007,AST_2D18E63E,50,0.385037,1,5.024426,EXPLOITATION
2026-02-20,SYS_008,AST_A4091273,50,0.535472,1,6.055863,EXPLOITATION
2026-02-20,SYS_009,AST_5A00C9C1,50,0.359473,1,2.327565,EXPLOITATION
2026-02-20,SYS_010,AST_36B79295,50,0.445768,1,3.135298,EXPLOITATION
2026-02-20,SYS_011,AST_F27373CF,50,0.391328,1,3.564712,EXPLOITATION
2026-02-21,SYS_000,AST_3C044E12,51,0.321888,1,2.963217,EXPLOITATION
2026-02-21,SYS_001,AST_F94717AF,51,0.455678,1,2.106386,EXPLOITATION
2026-02-21,SYS_002,AST_53ADD945,51,0.350069,1,2.260896,EXPLOITATION
2026-02-21,SYS_003,AST_35B3FF0B,51,0.395962,1,2.626819,EXPLOITATION
2026-02-21,SYS_004,AST_65F217BF,51,0.358565,1,1.522568,EXPLOITATION
2026-02-21,SYS_005,AST_D395BFCC,51,0.440921,1,3.06035,EXPLOITATION
2026-02-21,SYS_006,AST_5923ED69,51,0.373082,1,2.167765,EXPLOITATION
2026-02-21,SYS_007,AST_2D18E63E,51,0.391414,1,4.027019,EXPLOITATION
2026-02-21,SYS_008,AST_A4091273,51,0.541689,1,2.452942,EXPLOITATION
2026-02-21,SYS_009,AST_5A00C9C1,51,0.368795,1,2.492572,EXPLOITATION
2026-02-21,SYS_010,AST_36B79295,51,0.457677,1,2.867738,EXPLOITATION
2026-02-21,SYS_011,AST_F27373CF,51,0.402495,1,3.932197,EXPLOITATION
2026-02-22,SYS_000,AST_3C044E12,52,0.33095,1,1.810405,EXPLOITATION
2026-02-22,SYS_001,AST_F94717AF,52,0.457402,1,1.134912,EXPLOITATION
2026-02-22,SYS_002,AST_53ADD945,52,0.361033,1,3.027169,EXPLOITATION
2026-02-22,SYS_003,AST_35B3FF0B,52,0.410452,1,4.925192,EXPLOITATION
2026-02-22,SYS_004,AST_65F217BF,52,0.362965,1,1.738975,EXPLOITATION
2026-02-22,SYS_005,AST_D395BFCC,52,0.470767,1,6.194026,EXPLOITATION
2026-02-22,SYS_006,AST_5923ED69,52,0.382213,1,3.01583,EXPLOITATION
2026-02-22,SYS_007,AST_2D18E63E,52,0.393217,1,1.762128,EXPLOITATION
2026-02-22,SYS_008,AST_A4091273,52,0.550274,1,2.909876,EXPLOITATION
2026-02-22,SYS_009,AST_5A00C9C1,52,0.378325,1,3.385063,EXPLOITATION
2026-02-22,SYS_010,AST_36B79295,52,0.466411,1,1.497393,EXPLOITATION
2026-02-22,SYS_011,AST_F27373CF,52,0.417771,1,2.74507,EXPLOITATION
2026-02-23,SYS_000,AST_3C044E12,53,0.335358,1,3.487172,EXPLOITATION
2026-02-23,SYS_001,AST_F94717AF,53,0.461284,1,2.467502,EXPLOITATION
2026-02-23,SYS_002,AST_53ADD945,53,0.37484,1,5.253318,EXPLOITATION
2026-02-23,SYS_003,AST_35B3FF0B,53,0.417306,1,1.834948,EXPLOITATION
2026-02-23,SYS_004,AST_65F217BF,53,0.378816,1,5.15016,EXPLOITATION
2026-02-23,SYS_005,AST_D395BFCC,53,0.48713,1,2.118789,EXPLOITATION
2026-02-23,SYS_006,AST_5923ED69,53,0.388478,1,4.694266,EXPLOITATION
2026-02-23,SYS_007,AST_2D18E63E,53,0.395375,1,1.76074,EXPLOITATION
2026-02-23,SYS_008,AST_A4091273,53,0.557791,1,3.097935,EXPLOITATION
2026-02-23,SYS_009,AST_5A00C9C1,53,0.383609,1,3.090473,EXPLOITATION
2026-02-23,SYS_010,AST_36B79295,53,0.47107,1,1.443358,EXPLOITATION
2026-02-23,SYS_011,AST_F27373CF,53,0.422008,1,1.925862,EXPLOITATION
2026-02-24,SYS_000,AST_3C044E12,54,0.342719,1,2.889218,EXPLOITATION
2026-02-24,SYS_001,AST_F94717AF,54,0.462934,1,2.668844,EXPLOITATION
2026-02-24,SYS_002,AST_53ADD945,54,0.378634,1,1.923049,EXPLOITATION
2026-02-24,SYS_003,AST_35B3FF0B,54,0.424535,1,5.694293,EXPLOITATION
2026-02-24,SYS_004,AST_65F217BF,54,0.383746,1,1.758309,EXPLOITATION
2026-02-24,SYS_005,AST_D395BFCC,54,0.492524,1,2.746963,EXPLOITATION
2026-02-24,SYS_006,AST_5923ED69,54,0.392057,1,1.621914,EXPLOITATION
2026-02-24,SYS_007,AST_2D18E63E,54,0.412304,1,3.876952,EXPLOITATION
2026-02-24,SYS_008,AST_A4091273,54,0.562497,1,0.970837,EXPLOITATION
2026-02-24,SYS_009,AST_5A00C9C1,54,0.395363,1,2.325074,EXPLOITATION
2026-02-24,SYS_010,AST_36B79295,54,0.487464,1,3.749116,EXPLOITATION
2026-02-24,SYS_011,AST_F27373CF,54,0.432677,1,3.459375,EXPLOITATION
2026-02-25,SYS_000,AST_3C044E12,55,0.344859,1,1.687665,EXPLOITATION
2026-02-25,SYS_001,AST_F94717AF,55,0.479995,1,8.19732,EXPLOITATION
2026-02-25,SYS_002,AST_53ADD945,55,0.387956,1,3.406685,EXPLOITATION
2026-02-25,SYS_003,AST_35B3FF0B,55,0.469787,1,5.776659,EXPLOITATION
2026-02-25,SYS_004,AST_65F217BF,55,0.386638,1,2.393892,EXPLOITATION
2026-02-25,SYS_005,AST_D395BFCC,55,0.50245,1,2.690866,EXPLOITATION
2026-02-25,SYS_006,AST_5923ED69,55,0.40146,1,2.30176,EXPLOITATION
2026-02-25,SYS_007,AST_2D18E63E,55,0.418368,1,1.796438,EXPLOITATION
2026-02-25,SYS_008,AST_A4091273,55,0.565272,1,2.011642,EXPLOITATION
2026-02-25,SYS_009,AST_5A00C9C1,55,0.403446,1,3.393493,EXPLOITATION
2026-02-25,SYS_010,AST_36B79295,55,0.495581,1,2.140439,EXPLOITATION
2026-02-25,SYS_011,AST_F27373CF,55,0.442102,1,3.337194,EXPLOITATION
2026-02-26,SYS_000,AST_3C044E12,56,0.347379,1,2.00205,EXPLOITATION
2026-02-26,SYS_001,AST_F94717AF,56,0.484402,1,2.006784,EXPLOITATION
2026-02-26,SYS_002,AST_53ADD945,56,0.392998,1,2.132105,EXPLOITATION
2026-02-26,SYS_003,AST_35B3FF0B,56,0.478396,1,4.585973,EXPLOITATION
2026-02-26,SYS_004,AST_65F217BF,56,0.39189,1,3.391085,EXPLOITATION
2026-02-26,SYS_005,AST_D395BFCC,56,0.505796,1,2.3517,EXPLOITATION
2026-02-26,SYS_006,AST_5923ED69,56,0.403704,1,3.654011,EXPLOITATION
2026-02-26,SYS_007,AST_2D18E63E,56,0.423739,1,2.889942,EXPLOITATION
2026-02-26,SYS_008,AST_A4091273,56,0.576317,1,3.453928,EXPLOITATION
2026-02-26,SYS_009,AST_5A00C9C1,56,0.408225,1,1.921411,EXPLOITATION
2026-02-26,SYS_010,AST_36B79295,56,0.500281,1,1.605031,EXPLOITATION
2026-02-26,SYS_011,AST_F27373CF,56,0.442971,1,0.809248,EXPLOITATION
2026-02-27,SYS_000,AST_3C044E12,57,0.35523,1,1.553102,EXPLOITATION
2026-02-27,SYS_001,AST_F94717AF,57,0.498789,1,2.410328,EXPLOITATION
2026-02-27,SYS_002,AST_53ADD945,57,0.398331,1,1.251143,EXPLOITATION
2026-02-27,SYS_003,AST_35B3FF0B,57,0.485859,1,3.31601,EXPLOITATION
2026-02-27,SYS_004,AST_65F217BF,57,0.413536,1,9.951383,EXPLOITATION
2026-02-27,SYS_005,AST_D395BFCC,57,0.520404,1,3.417336,EXPLOITATION
2026-02-27,SYS_006,AST_5923ED69,57,0.407021,1,1.813627,EXPLOITATION
2026-02-27,SYS_007,AST_2D18E63E,57,0.432258,1,2.189058,EXPLOITATION
2026-02-27,SYS_008,AST_A4091273,57,0.581465,1,3.294581,EXPLOITATION
2026-02-27,SYS_009,AST_5A00C9C1,57,0.412523,1,1.939372,EXPLOITATION
2026-02-27,SYS_010,AST_36B79295,57,0.505991,1,2.160553,EXPLOITATION
2026-02-27,SYS_011,AST_F27373CF,57,0.454454,1,5.911607,EXPLOITATION
2026-02-28,SYS_000,AST_3C044E12,58,0.367144,1,4.718585,EXPLOITATION
2026-02-28,SYS_001,AST_F94717AF,58,0.505349,1,3.110755,EXPLOITATION
2026-02-28,SYS_002,AST_53ADD945,58,0.405785,1,4.718779,EXPLOITATION
2026-02-28,SYS_003,AST_35B3FF0B,58,0.5,1,3.510632,EXPLOITATION
2026-02-28,SYS_004,AST_65F217BF,58,0.416265,1,1.495255,EXPLOITATION
2026-02-28,SYS_005,AST_D395BFCC,58,0.526607,1,1.999715,EXPLOITATION
2026-02-28,SYS_006,AST_5923ED69,58,0.412464,1,2.637867,EXPLOITATION
2026-02-28,SYS_007,AST_2D18E63E,58,0.457648,1,4.035802,EXPLOITATION
2026-02-28,SYS_008,AST_A4091273,58,0.586425,1,2.943701,EXPLOITATION
2026-02-28,SYS_009,AST_5A00C9C1,58,0.41716,1,1.748998,EXPLOITATION
2026-02-28,SYS_010,AST_36B79295,58,0.593669,1,6.513705,EXPLOITATION
2026-02-28,SYS_011,AST_F27373CF,58,0.45768,1,3.771491,EXPLOITATION
2026-03-01,SYS_000,AST_3C044E12,59,0.375718,1,3.094989,EXPLOITATION
2026-03-01,SYS_001,AST_F94717AF,59,0.517435,1,3.568479,EXPLOITATION
2026-03-01,SYS_002,AST_53ADD945,59,0.408401,1,1.525325,EXPLOITATION
2026-03-01,SYS_003,AST_35B3FF0B,59,0.504455,1,2.182031,EXPLOITATION
2026-03-01,SYS_004,AST_65F217BF,59,0.418019,1,1.351505,EXPLOITATION
2026-03-01,SYS_005,AST_D395BFCC,59,0.541797,1,2.894063,EXPLOITATION
2026-03-01,SYS_006,AST_5923ED69,59,0.418164,1,6.643056,EXPLOITATION
2026-03-01,SYS_007,AST_2D18E63E,59,0.460916,1,1.718281,EXPLOITATION
2026-03-01,SYS_008,AST_A4091273,59,0.598862,1,4.743262,EXPLOITATION
2026-03-01,SYS_009,AST_5A00C9C1,59,0.421019,1,2.187738,EXPLOITATION
2026-03-01,SYS_010,AST_36B79295,59,0.619971,1,6.054347,EXPLOITATION
2026-03-01,SYS_011,AST_F27373CF,59,0.475294,1,3.706654,EXPLOITATION
2026-03-02,SYS_000,AST_3C044E12,60,0.377633,1,1.776502,EXPLOITATION
2026-03-02,SYS_001,AST_F94717AF,60,0.524984,1,2.84915,EXPLOITATION
2026-03-02,SYS_002,AST_53ADD945,60,0.412122,1,2.125392,EXPLOITATION
2026-03-02,SYS_003,AST_35B3FF0B,60,0.513676,1,3.586979,EXPLOITATION
2026-03-02,SYS_004,AST_65F217BF,60,0.421867,1,1.996187,EXPLOITATION
2026-03-02,SYS_005,AST_D395BFCC,60,0.552774,1,2.871223,EXPLOITATION
2026-03-02,SYS_006,AST_5923ED69,60,0.423362,1,1.943352,EXPLOITATION
2026-03-02,SYS_007,AST_2D18E63E,60,0.466204,1,3.170076,EXPLOITATION
2026-03-02,SYS_008,AST_A4091273,60,0.601316,1,2.675565,EXPLOITATION
2026-03-02,SYS_009,AST_5A00C9C1,60,0.437605,1,3.112208,EXPLOITATION
2026-03-02,SYS_010,AST_36B79295,60,0.650085,1,8.339725,EXPLOITATION
2026-03-02,SYS_011,AST_F27373CF,60,0.482868,1,2.685593,EXPLOITATION
2026-03-03,SYS_000,AST_3C044E12,61,0.386504,1,4.491234,EXPLOITATION
2026-03-03,SYS_001,AST_F94717AF,61,0.537934,1,1.480745,EXPLOITATION
2026-03-03,SYS_002,AST_53ADD945,61,0.416838,1,1.899438,EXPLOITATION
2026-03-03,SYS_003,AST_35B3FF0B,61,0.519788,1,3.177158,EXPLOITATION
2026-03-03,SYS_004,AST_65F217BF,61,0.429543,1,1.225992,EXPLOITATION
2026-03-03,SYS_005,AST_D395BFCC,61,0.557155,1,2.542004,EXPLOITATION
2026-03-03,SYS_006,AST_5923ED69,61,0.426014,1,1.421662,EXPLOITATION
2026-03-03,SYS_007,AST_2D18E63E,61,0.467667,1,0.822011,EXPLOITATION
2026-03-03,SYS_008,AST_A4091273,61,0.608761,1,3.042544,EXPLOITATION
2026-03-03,SYS_009,AST_5A00C9C1,61,0.444659,1,3.734299,EXPLOITATION
2026-03-03,SYS_010,AST_36B79295,61,0.652553,1,1.012197,EXPLOITATION
2026-03-03,SYS_011,AST_F27373CF,61,0.496373,1,5.443453,EXPLOITATION
2026-03-04,SYS_000,AST_3C044E12,62,0.39146,1,2.141428,EXPLOITATION
2026-03-04,SYS_001,AST_F94717AF,62,0.553593,1,7.626149,EXPLOITATION
2026-03-04,SYS_002,AST_53ADD945,62,0.431497,1,1.025147,EXPLOITATION
2026-03-04,SYS_003,AST_35B3FF0B,62,0.524394,1,2.96329,EXPLOITATION
2026-03-04,SYS_004,AST_65F217BF,62,0.43214,1,1.464854,EXPLOITATION
2026-03-04,SYS_005,AST_D395BFCC,62,0.584201,1,6.608675,EXPLOITATION
2026-03-04,SYS_006,AST_5923ED69,62,0.427741,1,2.158281,EXPLOITATION
2026-03-04,SYS_007,AST_2D18E63E,62,0.483855,1,2.266718,EXPLOITATION
2026-03-04,SYS_008,AST_A4091273,62,0.611899,1,1.500404,EXPLOITATION
2026-03-04,SYS_009,AST_5A00C9C1,62,0.452079,1,1.833686,EXPLOITATION
2026-03-04,SYS_010,AST_36B79295,62,0.659342,1,3.34937,EXPLOITATION
2026-03-04,SYS_011,AST_F27373CF,62,0.501921,1,2.037347,EXPLOITATION
2026-03-05,SYS_000,AST_3C044E12,63,0.395886,1,1.366014,EXPLOITATION
2026-03-05,SYS_001,AST_F94717AF,63,0.560351,1,4.064715,EXPLOITATION
2026-03-05,SYS_002,AST_53ADD945,63,0.439278,1,2.462574,EXPLOITATION
2026-03-05,SYS_003,AST_35B3FF0B,63,0.53378,1,2.271032,EXPLOITATION
2026-03-05,SYS_004,AST_65F217BF,63,0.436006,1,2.672478,EXPLOITATION
2026-03-05,SYS_005,AST_D395BFCC,63,0.599468,1,5.848153,EXPLOITATION
2026-03-05,SYS_006,AST_5923ED69,63,0.435991,1,3.117868,EXPLOITATION
2026-03-05,SYS_007,AST_2D18E63E,63,0.491696,1,2.20212,EXPLOITATION
2026-03-05,SYS_008,AST_A4091273,63,0.619097,1,1.823056,EXPLOITATION
2026-03-05,SYS_009,AST_5A00C9C1,63,0.455322,1,2.903036,EXPLOITATION
2026-03-05,SYS_010,AST_36B79295,63,0.676093,1,2.360133,EXPLOITATION
2026-03-05,SYS_011,AST_F27373CF,63,0.509534,1,2.557636,EXPLOITATION
2026-03-06,SYS_000,AST_3C044E12,64,0.423485,1,3.991666,EXPLOITATION
2026-03-06,SYS_001,AST_F94717AF,64,0.562492,1,1.58013,EXPLOITATION
2026-03-06,SYS_002,AST_53ADD945,64,0.448632,1,3.949681,EXPLOITATION
2026-03-06,SYS_003,AST_35B3FF0B,64,0.538248,1,4.378876,EXPLOITATION
2026-03-06,SYS_004,AST_65F217BF,64,0.439169,1,1.789735,EXPLOITATION
2026-03-06,SYS_005,AST_D395BFCC,64,0.602615,1,1.336658,EXPLOITATION
2026-03-06,SYS_006,AST_5923ED69,64,0.450507,1,2.403694,EXPLOITATION
2026-03-06,SYS_007,AST_2D18E63E,64,0.496197,1,1.593829,EXPLOITATION
2026-03-06,SYS_008,AST_A4091273,64,0.62695,1,4.958196,EXPLOITATION
2026-03-06,SYS_009,AST_5A00C9C1,64,0.462974,1,3.146728,EXPLOITATION
2026-03-06,SYS_010,AST_36B79295,64,0.723861,1,7.673095,EXPLOITATION
2026-03-06,SYS_011,AST_F27373CF,64,0.512852,1,2.132092,EXPLOITATION
2026-03-07,SYS_000,AST_3C044E12,65,0.439008,1,5.350454,EXPLOITATION
2026-03-07,SYS_001,AST_F94717AF,65,0.568344,1,1.330191,EXPLOITATION
2026-03-07,SYS_002,AST_53ADD945,65,0.468446,1,7.126014,EXPLOITATION
2026-03-07,SYS_003,AST_35B3FF0B,65,0.546047,1,3.643888,EXPLOITATION
2026-03-07,SYS_004,AST_65F217BF,65,0.443036,1,1.619719,EXPLOITATION
2026-03-07,SYS_005,AST_D395BFCC,65,0.634138,1,7.178825,EXPLOITATION
2026-03-07,SYS_006,AST_5923ED69,65,0.456478,1,2.607831,EXPLOITATION
2026-03-07,SYS_007,AST_2D18E63E,65,0.506717,1,3.566964,EXPLOITATION
2026-03-07,SYS_008,AST_A4091273,65,0.627966,1,1.767705,EXPLOITATION
2026-03-07,SYS_009,AST_5A00C9C1,65,0.4777,1,4.020887,EXPLOITATION
2026-03-07,SYS_010,AST_36B79295,65,0.737453,1,4.290365,EXPLOITATION
2026-03-07,SYS_011,AST_F27373CF,65,0.519251,1,2.965775,EXPLOITATION
2026-03-08,SYS_000,AST_3C044E12,66,0.449699,1,2.930966,EXPLOITATION
2026-03-08,SYS_001,AST_F94717AF,66,0.573721,1,3.04471,EXPLOITATION
2026-03-08,SYS_002,AST_53ADD945,66,0.488931,1,2.955194,EXPLOITATION
2026-03-08,SYS_003,AST_35B3FF0B,66,0.547799,1,1.213697,EXPLOITATION
2026-03-08,SYS_004,AST_65F217BF,66,0.469137,1,3.345898,EXPLOITATION
2026-03-08,SYS_005,AST_D395BFCC,66,0.641214,1,1.747136,EXPLOITATION
2026-03-08,SYS_006,AST_5923ED69,66,0.460916,1,3.38482,EXPLOITATION
2026-03-08,SYS_007,AST_2D18E63E,66,0.515381,1,1.256755,EXPLOITATION
2026-03-08,SYS_008,AST_A4091273,66,0.632741,1,1.719422,EXPLOITATION
2026-03-08,SYS_009,AST_5A00C9C1,66,0.480257,1,2.885512,EXPLOITATION
2026-03-08,SYS_010,AST_36B79295,66,0.745555,1,2.774223,EXPLOITATION
2026-03-08,SYS_011,AST_F27373CF,66,0.527852,1,3.943776,EXPLOITATION
2026-03-09,SYS_000,AST_3C044E12,67,0.457388,1,3.350097,EXPLOITATION
2026-03-09,SYS_001,AST_F94717AF,67,0.578868,1,3.235964,EXPLOITATION
2026-03-09,SYS_002,AST_53ADD945,67,0.497057,1,2.491124,EXPLOITATION
2026-03-09,SYS_003,AST_35B3FF0B,67,0.55433,1,3.876701,EXPLOITATION
2026-03-09,SYS_004,AST_65F217BF,67,0.47356,1,4.465121,EXPLOITATION
2026-03-09,SYS_005,AST_D395BFCC,67,0.657826,1,6.283242,EXPLOITATION
2026-03-09,SYS_006,AST_5923ED69,67,0.464564,1,1.86001,EXPLOITATION
2026-03-09,SYS_007,AST_2D18E63E,67,0.520678,1,4.809238,EXPLOITATION
2026-03-09,SYS_008,AST_A4091273,67,0.636341,1,3.154965,EXPLOITATION
2026-03-09,SYS_009,AST_5A00C9C1,67,0.502051,1,3.561935,EXPLOITATION
2026-03-09,SYS_010,AST_36B79295,67,0.777222,1,3.982377,EXPLOITATION
2026-03-09,SYS_011,AST_F27373CF,67,0.530679,1,2.084358,EXPLOITATION
2026-03-10,SYS_000,AST_3C044E12,68,0.458995,1,1.125755,EXPLOITATION
2026-03-10,SYS_001,AST_F94717AF,68,0.628072,1,2.645134,EXPLOITATION
2026-03-10,SYS_002,AST_53ADD945,68,0.501623,1,2.214912,EXPLOITATION
2026-03-10,SYS_003,AST_35B3FF0B,68,0.557728,1,3.322338,EXPLOITATION
2026-03-10,SYS_004,AST_65F217BF,68,0.484135,1,2.207827,EXPLOITATION
2026-03-10,SYS_005,AST_D395BFCC,68,0.664092,1,3.865691,EXPLOITATION
2026-03-10,SYS_006,AST_5923ED69,68,0.467153,1,1.216538,EXPLOITATION
2026-03-10,SYS_007,AST_2D18E63E,68,0.53189,1,6.049206,EXPLOITATION
2026-03-10,SYS_008,AST_A4091273,68,0.638739,1,1.931281,EXPLOITATION
2026-03-10,SYS_009,AST_5A00C9C1,68,0.507562,1,2.797663,EXPLOITATION
2026-03-10,SYS_010,AST_36B79295,68,0.780836,1,2.461293,EXPLOITATION
2026-03-10,SYS_011,AST_F27373CF,68,0.534488,1,2.399037,EXPLOITATION
2026-03-11,SYS_000,AST_3C044E12,69,0.47749,1,2.425615,EXPLOITATION
2026-03-11,SYS_001,AST_F94717AF,69,0.634374,1,2.117336,EXPLOITATION
2026-03-11,SYS_002,AST_53ADD945,69,0.50757,1,2.048655,EXPLOITATION
2026-03-11,SYS_003,AST_35B3FF0B,69,0.559794,1,3.006255,EXPLOITATION
2026-03-11,SYS_004,AST_65F217BF,69,0.488739,1,3.790397,EXPLOITATION
2026-03-11,SYS_005,AST_D395BFCC,69,0.669456,1,4.725413,EXPLOITATION
2026-03-11,SYS_006,AST_5923ED69,69,0.471062,1,1.474544,EXPLOITATION
2026-03-11,SYS_007,AST_2D18E63E,69,0.537137,1,3.590285,EXPLOITATION
2026-03-11,SYS_008,AST_A4091273,69,0.644464,1,2.635006,EXPLOITATION
2026-03-11,SYS_009,AST_5A00C9C1,69,0.512168,1,3.094091,EXPLOITATION
2026-03-11,SYS_010,AST_36B79295,69,0.788629,1,3.582437,EXPLOITATION
2026-03-11,SYS_011,AST_F27373CF,69,0.549268,1,3.120339,EXPLOITATION
2026-03-12,SYS_000,AST_3C044E12,70,0.482685,1,2.395634,EXPLOITATION
2026-03-12,SYS_001,AST_F94717AF,70,0.641367,1,2.85677,EXPLOITATION
2026-03-12,SYS_002,AST_53ADD945,70,0.512616,1,2.259408,EXPLOITATION
2026-03-12,SYS_003,AST_35B3FF0B,70,0.566094,1,1.745306,EXPLOITATION
2026-03-12,SYS_004,AST_65F217BF,70,0.500244,1,3.308316,EXPLOITATION
2026-03-12,SYS_005,AST_D395BFCC,70,0.696114,1,4.090766,EXPLOITATION
2026-03-12,SYS_006,AST_5923ED69,70,0.47551,1,2.322773,EXPLOITATION
2026-03-12,SYS_007,AST_2D18E63E,70,0.539528,1,1.411672,EXPLOITATION
2026-03-12,SYS_008,AST_A4091273,70,0.652896,1,4.801578,EXPLOITATION
2026-03-12,SYS_009,AST_5A00C9C1,70,0.513668,1,1.153556,EXPLOITATION
2026-03-12,SYS_010,AST_36B79295,70,0.7969,1,2.899442,EXPLOITATION
2026-03-12,SYS_011,AST_F27373CF,70,0.552699,1,1.312265,EXPLOITATION
2026-03-13,SYS_000,AST_3C044E12,71,0.493686,1,3.718317,EXPLOITATION
2026-03-13,SYS_001,AST_F94717AF,71,0.645364,1,2.880493,EXPLOITATION
2026-03-13,SYS_002,AST_53ADD945,71,0.514377,1,2.428468,EXPLOITATION
2026-03-13,SYS_003,AST_35B3FF0B,71,0.569258,1,2.267504,EXPLOITATION
2026-03-13,SYS_004,AST_65F217BF,71,0.503305,1,1.197559,EXPLOITATION
2026-03-13,SYS_005,AST_D395BFCC,71,0.698315,1,3.100218,EXPLOITATION
2026-03-13,SYS_006,AST_5923ED69,71,0.483201,1,2.361978,EXPLOITATION
2026-03-13,SYS_007,AST_2D18E63E,71,0.545521,1,2.520722,EXPLOITATION
2026-03-13,SYS_008,AST_A4091273,71,0.658159,1,1.689364,EXPLOITATION
2026-03-13,SYS_009,AST_5A00C9C1,71,0.51829,1,1.873324,EXPLOITATION
2026-03-13,SYS_010,AST_36B79295,71,0.811961,1,2.386294,EXPLOITATION
2026-03-13,SYS_011,AST_F27373CF,71,0.557986,1,3.579703,EXPLOITATION
2026-03-14,SYS_000,AST_3C044E12,72,0.502874,1,3.17107,EXPLOITATION
2026-03-14,SYS_001,AST_F94717AF,72,0.65231,1,1.426408,EXPLOITATION
2026-03-14,SYS_002,AST_53ADD945,72,0.520725,1,3.195987,EXPLOITATION
2026-03-14,SYS_003,AST_35B3FF0B,72,0.573446,1,2.101588,EXPLOITATION
2026-03-14,SYS_004,AST_65F217BF,72,0.511901,1,4.025135,EXPLOITATION
2026-03-14,SYS_005,AST_D395BFCC,72,0.703945,1,3.140634,EXPLOITATION
2026-03-14,SYS_006,AST_5923ED69,72,0.486431,1,4.812824,EXPLOITATION
2026-03-14,SYS_007,AST_2D18E63E,72,0.554453,1,3.276329,EXPLOITATION
2026-03-14,SYS_008,AST_A4091273,72,0.670785,1,2.368366,EXPLOITATION
2026-03-14,SYS_009,AST_5A00C9C1,72,0.521813,1,2.660506,EXPLOITATION
2026-03-14,SYS_010,AST_36B79295,72,0.814503,1,2.161297,EXPLOITATION
2026-03-14,SYS_011,AST_F27373CF,72,0.567245,1,4.762613,EXPLOITATION
2026-03-15,SYS_000,AST_3C044E12,73,0.516701,1,2.841482,EXPLOITATION
2026-03-15,SYS_001,AST_F94717AF,73,0.663428,1,4.798534,EXPLOITATION
2026-03-15,SYS_002,AST_53ADD945,73,0.538903,1,3.042378,EXPLOITATION
2026-03-15,SYS_003,AST_35B3FF0B,73,0.581925,1,3.260289,EXPLOITATION
2026-03-15,SYS_004,AST_65F217BF,73,0.51839,1,2.807943,EXPLOITATION
2026-03-15,SYS_005,AST_D395BFCC,73,0.721152,1,6.151459,EXPLOITATION
2026-03-15,SYS_006,AST_5923ED69,73,0.494094,1,3.09611,EXPLOITATION
2026-03-15,SYS_007,AST_2D18E63E,73,0.561159,1,2.196293,EXPLOITATION
2026-03-15,SYS_008,AST_A4091273,73,0.673389,1,2.026164,EXPLOITATION
2026-03-15,SYS_009,AST_5A00C9C1,73,0.532882,1,2.351739,EXPLOITATION
2026-03-15,SYS_010,AST_36B79295,73,0.818873,1,2.638723,EXPLOITATION
2026-03-15,SYS_011,AST_F27373CF,73,0.574509,1,3.982479,EXPLOITATION
2026-03-16,SYS_000,AST_3C044E12,74,0.524311,1,2.516843,EXPLOITATION
2026-03-16,SYS_001,AST_F94717AF,74,0.669133,1,3.197017,EXPLOITATION
2026-03-16,SYS_002,AST_53ADD945,74,0.546516,1,3.372152,EXPLOITATION
2026-03-16,SYS_003,AST_35B3FF0B,74,0.616655,1,4.834773,EXPLOITATION
2026-03-16,SYS_004,AST_65F217BF,74,0.520746,1,2.577003,EXPLOITATION
2026-03-16,SYS_005,AST_D395BFCC,74,0.732807,1,2.53674,EXPLOITATION
2026-03-16,SYS_006,AST_5923ED69,74,0.497571,1,2.265772,EXPLOITATION
2026-03-16,SYS_007,AST_2D18E63E,74,0.562217,1,0.885663,EXPLOITATION
2026-03-16,SYS_008,AST_A4091273,74,0.677881,1,1.729044,EXPLOITATION
2026-03-16,SYS_009,AST_5A00C9C1,74,0.536318,1,3.483289,EXPLOITATION
2026-03-16,SYS_010,AST_36B79295,74,0.821683,1,2.032087,EXPLOITATION
2026-03-16,SYS_011,AST_F27373CF,74,0.599108,1,4.72108,EXPLOITATION
2026-03-17,SYS_000,AST_3C044E12,75,0.528083,1,1.230339,EXPLOITATION
2026-03-17,SYS_001,AST_F94717AF,75,0.675622,1,3.040155,EXPLOITATION
2026-03-17,SYS_002,AST_53ADD945,75,0.572702,1,5.854129,EXPLOITATION
2026-03-17,SYS_003,AST_35B3FF0B,75,0.629467,1,4.751158,EXPLOITATION
2026-03-17,SYS_004,AST_65F217BF,75,0.524391,1,3.268673,EXPLOITATION
2026-03-17,SYS_005,AST_D395BFCC,75,0.757199,1,5.139821,EXPLOITATION
2026-03-17,SYS_006,AST_5923ED69,75,0.503819,1,2.529215,EXPLOITATION
2026-03-17,SYS_007,AST_2D18E63E,75,0.568883,1,2.737784,EXPLOITATION
2026-03-17,SYS_008,AST_A4091273,75,0.68422,1,2.908597,EXPLOITATION
2026-03-17,SYS_009,AST_5A00C9C1,75,0.538124,1,0.978377,EXPLOITATION
2026-03-17,SYS_010,AST_36B79295,75,0.832628,1,3.416274,EXPLOITATION
2026-03-17,SYS_011,AST_F27373CF,75,0.607816,1,6.582693,EXPLOITATION
2026-03-18,SYS_000,AST_3C044E12,76,0.54191,1,5.611966,EXPLOITATION
2026-03-18,SYS_001,AST_F94717AF,76,0.682214,1,3.385782,EXPLOITATION
2026-03-18,SYS_002,AST_53ADD945,76,0.588236,1,3.278882,EXPLOITATION
2026-03-18,SYS_003,AST_35B3FF0B,76,0.645713,1,6.608492,EXPLOITATION
2026-03-18,SYS_004,AST_65F217BF,76,0.527262,1,2.266465,EXPLOITATION
2026-03-18,SYS_005,AST_D395BFCC,76,0.773201,1,4.502992,EXPLOITATION
2026-03-18,SYS_006,AST_5923ED69,76,0.51333,1,5.323748,EXPLOITATION
2026-03-18,SYS_007,AST_2D18E63E,76,0.575925,1,4.739511,EXPLOITATION
2026-03-18,SYS_008,AST_A4091273,76,0.691934,1,1.381146,EXPLOITATION
2026-03-18,SYS_009,AST_5A00C9C1,76,0.549408,1,3.346512,EXPLOITATION
2026-03-18,SYS_010,AST_36B79295,76,0.834501,1,1.836552,EXPLOITATION
2026-03-18,SYS_011,AST_F27373CF,76,0.614692,1,1.785805,EXPLOITATION
2026-03-19,SYS_000,AST_3C044E12,77,0.550664,1,4.91782,EXPLOITATION
2026-03-19,SYS_001,AST_F94717AF,77,0.687132,1,2.488458,EXPLOITATION
2026-03-19,SYS_002,AST_53ADD945,77,0.592736,1,2.128978,EXPLOITATION
2026-03-19,SYS_003,AST_35B3FF0B,77,0.660116,1,3.069235,EXPLOITATION
2026-03-19,SYS_004,AST_65F217BF,77,0.547774,1,4.906674,EXPLOITATION
2026-03-19,SYS_005,AST_D395BFCC,77,0.78238,1,1.928772,EXPLOITATION
2026-03-19,SYS_006,AST_5923ED69,77,0.515479,1,1.828497,EXPLOITATION
2026-03-19,SYS_007,AST_2D18E63E,77,0.584467,1,1.953411,EXPLOITATION
2026-03-19,SYS_008,AST_A4091273,77,0.696302,1,1.80707,EXPLOITATION
2026-03-19,SYS_009,AST_5A00C9C1,77,0.552254,1,2.867172,EXPLOITATION
2026-03-19,SYS_010,AST_36B79295,77,0.838917,1,1.641467,EXPLOITATION
2026-03-19,SYS_011,AST_F27373CF,77,0.617199,1,3.460685,EXPLOITATION
2026-03-20,SYS_000,AST_3C044E12,78,0.554783,1,1.816685,EXPLOITATION
2026-03-20,SYS_001,AST_F94717AF,78,0.692468,1,3.209055,EXPLOITATION
2026-03-20,SYS_002,AST_53ADD945,78,0.600286,1,1.659643,EXPLOITATION
2026-03-20,SYS_003,AST_35B3FF0B,78,0.664988,1,2.142616,EXPLOITATION
2026-03-20,SYS_004,AST_65F217BF,78,0.552078,1,1.599655,EXPLOITATION
2026-03-20,SYS_005,AST_D395BFCC,78,0.794246,1,2.706671,EXPLOITATION
2026-03-20,SYS_006,AST_5923ED69,78,0.522836,1,4.023937,EXPLOITATION
2026-03-20,SYS_007,AST_2D18E63E,78,0.599931,1,4.857584,EXPLOITATION
2026-03-20,SYS_008,AST_A4091273,78,0.705661,1,3.391323,EXPLOITATION
2026-03-20,SYS_009,AST_5A00C9C1,78,0.557455,1,3.450399,EXPLOITATION
2026-03-20,SYS_010,AST_36B79295,78,0.847387,1,2.148776,EXPLOITATION
2026-03-20,SYS_011,AST_F27373CF,78,0.621582,1,3.196325,EXPLOITATION
2026-03-21,SYS_000,AST_3C044E12,79,0.559931,1,1.883469,EXPLOITATION
2026-03-21,SYS_001,AST_F94717AF,79,0.703281,1,7.558374,EXPLOITATION
2026-03-21,SYS_002,AST_53ADD945,79,0.619334,1,3.735444,EXPLOITATION
2026-03-21,SYS_003,AST_35B3FF0B,79,0.66871,1,2.25651,EXPLOITATION
2026-03-21,SYS_004,AST_65F217BF,79,0.561894,1,2.608997,EXPLOITATION
2026-03-21,SYS_005,AST_D395BFCC,79,0.812912,1,5.303357,EXPLOITATION
2026-03-21,SYS_006,AST_5923ED69,79,0.526291,1,2.782144,EXPLOITATION
2026-03-21,SYS_007,AST_2D18E63E,79,0.603545,1,1.640534,EXPLOITATION
2026-03-21,SYS_008,AST_A4091273,79,0.709099,1,2.14807,EXPLOITATION
2026-03-21,SYS_009,AST_5A00C9C1,79,0.58096,1,5.88151,EXPLOITATION
2026-03-21,SYS_010,AST_36B79295,79,0.850079,1,2.068907,EXPLOITATION
2026-03-21,SYS_011,AST_F27373CF,79,0.627049,1,2.567343,EXPLOITATION
