date,systeme_id,asset_id,quantite,increment_usure
2026-01-01,SYS_000,AST_3C044E12,2.575598,0.006111
2026-01-01,SYS_001,AST_F94717AF,1.782974,0.009513
2026-01-01,SYS_002,AST_53ADD945,1.478781,0.001567
2026-01-01,SYS_003,AST_35B3FF0B,3.852626,0.005461
2026-01-01,SYS_004,AST_65F217BF,4.033207,0.036249
2026-01-01,SYS_005,AST_D395BFCC,3.346556,0.004498
2026-01-01,SYS_006,AST_5923ED69,1.482314,0.003535
2026-01-01,SYS_007,AST_2D18E63E,1.155577,0.001222
2026-01-01,SYS_008,AST_A4091273,2.97246,0.018601
2026-01-01,SYS_009,AST_5A00C9C1,1.824389,0.003175
2026-01-01,SYS_010,AST_36B79295,1.916496,0.002889
2026-01-01,SYS_011,AST_F27373CF,2.490433,0.004606
2026-01-02,SYS_000,AST_3C044E12,1.920286,0.005896
2026-01-02,SYS_001,AST_F94717AF,4.527198,0.01847
2026-01-02,SYS_002,AST_53ADD945,2.177103,0.004865
2026-01-02,SYS_003,AST_35B3FF0B,3.853713,0.008659
2026-01-02,SYS_004,AST_65F217BF,2.475329,0.00189
2026-01-02,SYS_005,AST_D395BFCC,1.316445,0.001117
2026-01-02,SYS_006,AST_5923ED69,2.754325,0.005926
2026-01-02,SYS_007,AST_2D18E63E,4.307023,0.00599
2026-01-02,SYS_008,AST_A4091273,2.163542,0.003257
2026-01-02,SYS_009,AST_5A00C9C1,3.952676,0.009089
2026-01-02,SYS_010,AST_36B79295,2.084939,0.005215
2026-01-02,SYS_011,AST_F27373CF,6.037542,0.003294
2026-01-03,SYS_000,AST_3C044E12,2.670498,0.003412
2026-01-03,SYS_001,AST_F94717AF,7.559415,0.032823
2026-01-03,SYS_002,AST_53ADD945,3.229105,0.00469
2026-01-03,SYS_003,AST_35B3FF0B,1.69053,0.001995
2026-01-03,SYS_004,AST_65F217BF,1.526308,0.003295
2026-01-03,SYS_005,AST_D395BFCC,2.921697,0.001842
2026-01-03,SYS_006,AST_5923ED69,2.468198,0.034879
2026-01-03,SYS_007,AST_2D18E63E,3.172174,0.005975
2026-01-03,SYS_008,AST_A4091273,3.649773,0.013321
2026-01-03,SYS_009,AST_5A00C9C1,4.325521,0.009108
2026-01-03,SYS_010,AST_36B79295,4.006575,0.01636
2026-01-03,SYS_011,AST_F27373CF,1.843265,0.007744
2026-01-04,SYS_000,AST_3C044E12,3.173461,0.005171
2026-01-04,SYS_001,AST_F94717AF,2.345752,0.005038
2026-01-04,SYS_002,AST_53ADD945,2.947579,0.001589
2026-01-04,SYS_003,AST_35B3FF0B,2.259182,0.004324
2026-01-04,SYS_004,AST_65F217BF,1.922175,0.001764
2026-01-04,SYS_005,AST_D395BFCC,2.517432,0.005383
2026-01-04,SYS_006,AST_5923ED69,3.547245,0.007018
2026-01-04,SYS_007,AST_2D18E63E,1.095705,0.003472
2026-01-04,SYS_008,AST_A4091273,2.396033,0.003699
2026-01-04,SYS_009,AST_5A00C9C1,2.423308,0.005207
2026-01-04,SYS_010,AST_36B79295,1.592322,0.007356
2026-01-04,SYS_011,AST_F27373CF,2.780567,0.010771
2026-01-05,SYS_000,AST_3C044E12,1.568461,0.00456
2026-01-05,SYS_001,AST_F94717AF,1.643347,0.003406
2026-01-05,SYS_002,AST_53ADD945,1.89734,0.00489
2026-01-05,SYS_003,AST_35B3FF0B,2.176326,0.008244
2026-01-05,SYS_004,AST_65F217BF,7.772934,0.025642
2026-01-05,SYS_005,AST_D395BFCC,3.935475,0.006081
2026-01-05,SYS_006,AST_5923ED69,5.652454,0.007719
2026-01-05,SYS_007,AST_2D18E63E,1.684623,0.004224
2026-01-05,SYS_008,AST_A4091273,3.167498,0.002712
2026-01-05,SYS_009,AST_5A00C9C1,1.437577,0.001863
2026-01-05,SYS_010,AST_36B79295,3.667343,0.019771
2026-01-05,SYS_011,AST_F27373CF,4.980167,0.00933
2026-01-06,SYS_000,AST_3C044E12,3.036736,0.003741
2026-01-06,SYS_001,AST_F94717AF,2.266335,0.005099
2026-01-06,SYS_002,AST_53ADD945,8.050755,0.007811
2026-01-06,SYS_003,AST_35B3FF0B,4.91086,0.009842
2026-01-06,SYS_004,AST_65F217BF,1.945395,0.005951
2026-01-06,SYS_005,AST_D395BFCC,3.571189,0.011469
2026-01-06,SYS_006,AST_5923ED69,2.247536,0.006457
2026-01-06,SYS_007,AST_2D18E63E,1.889419,0.006119
2026-01-06,SYS_008,AST_A4091273,1.853461,0.008553
2026-01-06,SYS_009,AST_5A00C9C1,1.740995,0.005257
2026-01-06,SYS_010,AST_36B79295,3.957941,0.003213
2026-01-06,SYS_011,AST_F27373CF,3.643,0.006881
2026-01-07,SYS_000,AST_3C044E12,2.826861,0.002458
2026-01-07,SYS_001,AST_F94717AF,7.50811,0.019106
2026-01-07,SYS_002,AST_53ADD945,3.114869,0.009372
2026-01-07,SYS_003,AST_35B3FF0B,3.009454,0.005877
2026-01-07,SYS_004,AST_65F217BF,1.61924,0.004902
2026-01-07,SYS_005,AST_D395BFCC,2.985335,0.007678
2026-01-07,SYS_006,AST_5923ED69,4.799896,0.010059
2026-01-07,SYS_007,AST_2D18E63E,2.519697,0.003503
2026-01-07,SYS_008,AST_A4091273,3.714284,0.006684
2026-01-07,SYS_009,AST_5A00C9C1,3.096526,0.005436
2026-01-07,SYS_010,AST_36B79295,1.115775,0.000937
2026-01-07,SYS_011,AST_F27373CF,2.766049,0.009718
2026-01-08,SYS_000,AST_3C044E12,1.559811,0.003498
2026-01-08,SYS_001,AST_F94717AF,3.235157,0.013676
2026-01-08,SYS_002,AST_53ADD945,1.279493,0.007829
2026-01-08,SYS_003,AST_35B3FF0B,1.199821,0.003437
2026-01-08,SYS_004,AST_65F217BF,2.718563,0.003568
2026-01-08,SYS_005,AST_D395BFCC,3.120167,0.004279
2026-01-08,SYS_006,AST_5923ED69,1.846424,0.01245
2026-01-08,SYS_007,AST_2D18E63E,2.600419,0.003169
2026-01-08,SYS_008,AST_A4091273,3.046601,0.008185
2026-01-08,SYS_009,AST_5A00C9C1,4.265545,0.0071
2026-01-08,SYS_010,AST_36B79295,1.934311,0.002783
2026-01-08,SYS_011,AST_F27373CF,4.688891,0.00837
2026-01-09,SYS_000,AST_3C044E12,1.231105,0.002606
2026-01-09,SYS_001,AST_F94717AF,2.284974,0.004228
2026-01-09,SYS_002,AST_53ADD945,1.798433,0.005191
2026-01-09,SYS_003,AST_35B3FF0B,4.430114,0.054965
2026-01-09,SYS_004,AST_65F217BF,2.488479,0.002935
2026-01-09,SYS_005,AST_D395BFCC,2.437695,0.005913
2026-01-09,SYS_006,AST_5923ED69,2.718471,0.003982
2026-01-09,SYS_007,AST_2D18E63E,1.376231,0.002247
2026-01-09,SYS_008,AST_A4091273,4.722403,0.007114
2026-01-09,SYS_009,AST_5A00C9C1,1.988908,0.005961
2026-01-09,SYS_010,AST_36B79295,1.916256,0.002822
2026-01-09,SYS_011,AST_F27373CF,2.330916,0.008545
2026-01-10,SYS_000,AST_3C044E12,2.802735,0.009938
2026-01-10,SYS_001,AST_F94717AF,3.94291,0.00451
2026-01-10,SYS_002,AST_53ADD945,2.133039,0.002437
2026-01-10,SYS_003,AST_35B3FF0B,2.529705,0.003624
2026-01-10,SYS_004,AST_65F217BF,4.032543,0.005641
2026-01-10,SYS_005,AST_D395BFCC,3.847397,0.009101
2026-01-10,SYS_006,AST_5923ED69,2.968464,0.003969
2026-01-10,SYS_007,AST_2D18E63E,2.006546,0.004065
2026-01-10,SYS_008,AST_A4091273,3.332243,0.002684
2026-01-10,SYS_009,AST_5A00C9C1,4.432636,0.011254
2026-01-10,SYS_010,AST_36B79295,6.761754,0.009478
2026-01-10,SYS_011,AST_F27373CF,4.279916,0.009619
2026-01-11,SYS_000,AST_3C044E12,1.782277,0.00673
2026-01-11,SYS_001,AST_F94717AF,1.533339,0.001708
2026-01-11,SYS_002,AST_53ADD945,1.807333,0.001774
2026-01-11,SYS_003,AST_35B3FF0B,1.463851,0.003201
2026-01-11,SYS_004,AST_65F217BF,4.732809,0.006178
2026-01-11,SYS_005,AST_D395BFCC,3.897695,0.004575
2026-01-11,SYS_006,AST_5923ED69,1.253788,0.001831
2026-01-11,SYS_007,AST_2D18E63E,1.741821,0.005216
2026-01-11,SYS_008,AST_A4091273,2.44538,0.002091
2026-01-11,SYS_009,AST_5A00C9C1,2.60579,0.010107
2026-01-11,SYS_010,AST_36B79295,2.487007,0.003164
2026-01-11,SYS_011,AST_F27373CF,4.968471,0.019857
2026-01-12,SYS_000,AST_3C044E12,1.60485,0.001547
2026-01-12,SYS_001,AST_F94717AF,3.463298,0.01335
2026-01-12,SYS_002,AST_53ADD945,1.919595,0.006617
2026-01-12,SYS_003,AST_35B3FF0B,2.79729,0.004271
2026-01-12,SYS_004,AST_65F217BF,2.322574,0.004168
2026-01-12,SYS_005,AST_D395BFCC,2.297351,0.002039
2026-01-12,SYS_006,AST_5923ED69,2.677786,0.003673
2026-01-12,SYS_007,AST_2D18E63E,1.48264,0.008929
2026-01-12,SYS_008,AST_A4091273,1.910283,0.001733
2026-01-12,SYS_009,AST_5A00C9C1,3.119996,0.012395
2026-01-12,SYS_010,AST_36B79295,3.074451,0.01298
2026-01-12,SYS_011,AST_F27373CF,8.664727,0.022307
2026-01-13,SYS_000,AST_3C044E12,1.902765,0.003677
2026-01-13,SYS_001,AST_F94717AF,2.58392,0.008184
2026-01-13,SYS_002,AST_53ADD945,3.132046,0.004675
2026-01-13,SYS_003,AST_35B3FF0B,3.142656,0.00198
2026-01-13,SYS_004,AST_65F217BF,2.099222,0.003951
2026-01-13,SYS_005,AST_D395BFCC,3.58023,0.004188
2026-01-13,SYS_006,AST_5923ED69,2.937018,0.006366
2026-01-13,SYS_007,AST_2D18E63E,4.118811,0.011602
2026-01-13,SYS_008,AST_A4091273,1.949698,0.002971
2026-01-13,SYS_009,AST_5A00C9C1,1.853907,0.001774
2026-01-13,SYS_010,AST_36B79295,3.466002,0.009301
2026-01-13,SYS_011,AST_F27373CF,2.33064,0.004011
2026-01-14,SYS_000,AST_3C044E12,2.835132,0.019214
2026-01-14,SYS_001,AST_F94717AF,2.208681,0.007983
2026-01-14,SYS_002,AST_53ADD945,4.729976,0.01289
2026-01-14,SYS_003,AST_35B3FF0B,1.971813,0.002909
2026-01-14,SYS_004,AST_65F217BF,1.778662,0.003212
2026-01-14,SYS_005,AST_D395BFCC,3.285084,0.004657
2026-01-14,SYS_006,AST_5923ED69,3.28859,0.003872
2026-01-14,SYS_007,AST_2D18E63E,3.625859,0.005771
2026-01-14,SYS_008,AST_A4091273,1.680373,0.002219
2026-01-14,SYS_009,AST_5A00C9C1,2.32965,0.008106
2026-01-14,SYS_010,AST_36B79295,3.509581,0.017562
2026-01-14,SYS_011,AST_F27373CF,2.764364,0.009245
2026-01-15,SYS_000,AST_3C044E12,4.513775,0.010579
2026-01-15,SYS_001,AST_F94717AF,3.344902,0.008616
2026-01-15,SYS_002,AST_53ADD945,7.723118,0.011594
2026-01-15,SYS_003,AST_35B3FF0B,2.722215,0.013001
2026-01-15,SYS_004,AST_65F217BF,1.578007,0.004402
2026-01-15,SYS_005,AST_D395BFCC,1.541725,0.008783
2026-01-15,SYS_006,AST_5923ED69,2.218059,0.002307
2026-01-15,SYS_007,AST_2D18E63E,1.970871,0.005636
2026-01-15,SYS_008,AST_A4091273,3.541722,0.00979
2026-01-15,SYS_009,AST_5A00C9C1,1.164204,0.001078
2026-01-15,SYS_010,AST_36B79295,1.127793,0.000895
2026-01-15,SYS_011,AST_F27373CF,4.501777,0.005632
2026-01-16,SYS_000,AST_3C044E12,2.870817,0.006492
2026-01-16,SYS_001,AST_F94717AF,3.117358,0.010767
2026-01-16,SYS_002,AST_53ADD945,2.145476,0.00204
2026-01-16,SYS_003,AST_35B3FF0B,3.202675,0.005849
2026-01-16,SYS_004,AST_65F217BF,7.23891,0.014706
2026-01-16,SYS_005,AST_D395BFCC,1.399814,0.006347
2026-01-16,SYS_006,AST_5923ED69,2.618524,0.008072
2026-01-16,SYS_007,AST_2D18E63E,6.049729,0.014531
2026-01-16,SYS_008,AST_A4091273,2.580411,0.010807
2026-01-16,SYS_009,AST_5A00C9C1,2.416165,0.009597
2026-01-16,SYS_010,AST_36B79295,4.235944,0.00962
2026-01-16,SYS_011,AST_F27373CF,4.225897,0.008278
2026-01-17,SYS_000,AST_3C044E12,2.603455,0.003046
2026-01-17,SYS_001,AST_F94717AF,1.900072,0.002368
2026-01-17,SYS_002,AST_53ADD945,2.014053,0.016909
2026-01-17,SYS_003,AST_35B3FF0B,2.599405,0.004379
2026-01-17,SYS_004,AST_65F217BF,1.927539,0.002918
2026-01-17,SYS_005,AST_D395BFCC,4.81768,0.011778
2026-01-17,SYS_006,AST_5923ED69,2.063917,0.006
2026-01-17,SYS_007,AST_2D18E63E,2.233841,0.006356
2026-01-17,SYS_008,AST_A4091273,5.992271,0.05727
2026-01-17,SYS_009,AST_5A00C9C1,4.844295,0.013637
2026-01-17,SYS_010,AST_36B79295,1.42819,0.001287
2026-01-17,SYS_011,AST_F27373CF,1.437063,0.003516
2026-01-18,SYS_000,AST_3C044E12,2.880646,0.004842
2026-01-18,SYS_001,AST_F94717AF,5.389902,0.014639
2026-01-18,SYS_002,AST_53ADD945,2.069031,0.003654
2026-01-18,SYS_003,AST_35B3FF0B,4.006188,0.006557
2026-01-18,SYS_004,AST_65F217BF,2.992116,0.004755
2026-01-18,SYS_005,AST_D395BFCC,2.362325,0.004238
2026-01-18,SYS_006,AST_5923ED69,2.888236,0.008936
2026-01-18,SYS_007,AST_2D18E63E,1.842654,0.002521
2026-01-18,SYS_008,AST_A4091273,2.527763,0.009452
2026-01-18,SYS_009,AST_5A00C9C1,4.158828,0.008932
2026-01-18,SYS_010,AST_36B79295,2.482869,0.005215
2026-01-18,SYS_011,AST_F27373CF,8.049839,0.019625
2026-01-19,SYS_000,AST_3C044E12,5.13166,0.00881
2026-01-19,SYS_001,AST_F94717AF,2.703189,0.007638
2026-01-19,SYS_002,AST_53ADD945,2.231689,0.003917
2026-01-19,SYS_003,AST_35B3FF0B,2.77781,0.008603
2026-01-19,SYS_004,AST_65F217BF,2.645291,0.005298
2026-01-19,SYS_005,AST_D395BFCC,5.059954,0.01145
2026-01-19,SYS_006,AST_5923ED69,4.130489,0.005236
2026-01-19,SYS_007,AST_2D18E63E,1.477833,0.004802
2026-01-19,SYS_008,AST_A4091273,2.301184,0.004715
2026-01-19,SYS_009,AST_5A00C9C1,2.315792,0.003781
2026-01-19,SYS_010,AST_36B79295,3.103576,0.006803
2026-01-19,SYS_011,AST_F27373CF,1.986379,0.01716
2026-01-20,SYS_000,AST_3C044E12,1.391347,0.003208
2026-01-20,SYS_001,AST_F94717AF,2.871428,0.005397
2026-01-20,SYS_002,AST_53ADD945,3.650627,0.007486
2026-01-20,SYS_003,AST_35B3FF0B,1.584493,0.0034
2026-01-20,SYS_004,AST_65F217BF,3.108203,0.005464
2026-01-20,SYS_005,AST_D395BFCC,1.6543,0.006347
2026-01-20,SYS_006,AST_5923ED69,2.66112,0.005462
2026-01-20,SYS_007,AST_2D18E63E,1.92629,0.004982
2026-01-20,SYS_008,AST_A4091273,4.672448,0.028931
2026-01-20,SYS_009,AST_5A00C9C1,4.656103,0.007573
2026-01-20,SYS_010,AST_36B79295,0.983199,0.000842
2026-01-20,SYS_011,AST_F27373CF,1.194434,0.003039
2026-01-21,SYS_000,AST_3C044E12,2.513383,0.003548
2026-01-21,SYS_001,AST_F94717AF,2.052434,0.005106
2026-01-21,SYS_002,AST_53ADD945,2.757306,0.005597
2026-01-21,SYS_003,AST_35B3FF0B,2.166864,0.004
2026-01-21,SYS_004,AST_65F217BF,3.098322,0.014722
2026-01-21,SYS_005,AST_D395BFCC,4.711502,0.020128
2026-01-21,SYS_006,AST_5923ED69,3.396889,0.009098
2026-01-21,SYS_007,AST_2D18E63E,1.837373,0.004098
2026-01-21,SYS_008,AST_A4091273,2.224608,0.006016
2026-01-21,SYS_009,AST_5A00C9C1,4.855696,0.005855
2026-01-21,SYS_010,AST_36B79295,4.249303,0.037989
2026-01-21,SYS_011,AST_F27373CF,2.980626,0.015829
2026-01-22,SYS_000,AST_3C044E12,2.679476,0.005567
2026-01-22,SYS_001,AST_F94717AF,4.654987,0.00812
2026-01-22,SYS_002,AST_53ADD945,2.417439,0.004858
2026-01-22,SYS_003,AST_35B3FF0B,3.84987,0.009912
2026-01-22,SYS_004,AST_65F217BF,3.21458,0.0125
2026-01-22,SYS_005,AST_D395BFCC,4.927658,0.008889
2026-01-22,SYS_006,AST_5923ED69,1.941627,0.003337
2026-01-22,SYS_007,AST_2D18E63E,3.75885,0.004279
2026-01-22,SYS_008,AST_A4091273,8.095096,0.046103
2026-01-22,SYS_009,AST_5A00C9C1,4.61209,0.013483
2026-01-22,SYS_010,AST_36B79295,2.085364,0.001079
2026-01-22,SYS_011,AST_F27373CF,2.523416,0.005073
2026-01-23,SYS_000,AST_3C044E12,1.907314,0.003246
2026-01-23,SYS_001,AST_F94717AF,3.264975,0.003691
2026-01-23,SYS_002,AST_53ADD945,2.274207,0.00585
2026-01-23,SYS_003,AST_35B3FF0B,1.454661,0.0015
2026-01-23,SYS_004,AST_65F217BF,2.128469,0.001482
2026-01-23,SYS_005,AST_D395BFCC,2.342755,0.008777
2026-01-23,SYS_006,AST_5923ED69,2.653798,0.002961
2026-01-23,SYS_007,AST_2D18E63E,1.793904,0.006353
2026-01-23,SYS_008,AST_A4091273,4.881325,0.016057
2026-01-23,SYS_009,AST_5A00C9C1,3.868466,0.003393
2026-01-23,SYS_010,AST_36B79295,2.590664,0.011256
2026-01-23,SYS_011,AST_F27373CF,1.169905,0.002824
2026-01-24,SYS_000,AST_3C044E12,2.92706,0.005128
2026-01-24,SYS_001,AST_F94717AF,5.653582,0.015665
2026-01-24,SYS_002,AST_53ADD945,2.571968,0.002911
2026-01-24,SYS_003,AST_35B3FF0B,1.767089,0.00238
2026-01-24,SYS_004,AST_65F217BF,3.786249,0.006104
2026-01-24,SYS_005,AST_D395BFCC,2.091892,0.001528
2026-01-24,SYS_006,AST_5923ED69,1.762167,0.00351
2026-01-24,SYS_007,AST_2D18E63E,3.632399,0.00231
2026-01-24,SYS_008,AST_A4091273,2.192219,0.00409
2026-01-24,SYS_009,AST_5A00C9C1,2.144584,0.0082
2026-01-24,SYS_010,AST_36B79295,1.677125,0.001467
2026-01-24,SYS_011,AST_F27373CF,2.318064,0.003773
2026-01-25,SYS_000,AST_3C044E12,1.421877,0.009373
2026-01-25,SYS_001,AST_F94717AF,3.662499,0.008806
2026-01-25,SYS_002,AST_53ADD945,4.204862,0.007047
2026-01-25,SYS_003,AST_35B3FF0B,3.018662,0.005491
2026-01-25,SYS_004,AST_65F217BF,2.818571,0.005001
2026-01-25,SYS_005,AST_D395BFCC,2.263582,0.003936
2026-01-25,SYS_006,AST_5923ED69,1.741533,0.00244
2026-01-25,SYS_007,AST_2D18E63E,1.573803,0.003857
2026-01-25,SYS_008,AST_A4091273,3.515277,0.006977
2026-01-25,SYS_009,AST_5A00C9C1,1.614639,0.003393
2026-01-25,SYS_010,AST_36B79295,3.127558,0.007342
2026-01-25,SYS_011,AST_F27373CF,3.197465,0.012693
2026-01-26,SYS_000,AST_3C044E12,1.428684,0.001263
2026-01-26,SYS_001,AST_F94717AF,4.176156,0.040947
2026-01-26,SYS_002,AST_53ADD945,2.017424,0.005256
2026-01-26,SYS_003,AST_35B3FF0B,2.063312,0.007704
2026-01-26,SYS_004,AST_65F217BF,1.849874,0.004477
2026-01-26,SYS_005,AST_D395BFCC,4.032382,0.021125
2026-01-26,SYS_006,AST_5923ED69,3.415112,0.008969
2026-01-26,SYS_007,AST_2D18E63E,2.235042,0.002361
2026-01-26,SYS_008,AST_A4091273,3.720072,0.011836
2026-01-26,SYS_009,AST_5A00C9C1,4.277582,0.008691
2026-01-26,SYS_010,AST_36B79295,1.892005,0.005341
2026-01-26,SYS_011,AST_F27373CF,3.105458,0.003669
2026-01-27,SYS_000,AST_3C044E12,4.463218,0.011404
2026-01-27,SYS_001,AST_F94717AF,1.002394,0.003843
2026-01-27,SYS_002,AST_53ADD945,3.560967,0.005239
2026-01-27,SYS_003,AST_35B3FF0B,2.631524,0.002783
2026-01-27,SYS_004,AST_65F217BF,2.909727,0.009338
2026-01-27,SYS_005,AST_D395BFCC,4.781161,0.017074
2026-01-27,SYS_006,AST_5923ED69,2.141674,0.004004
2026-01-27,SYS_007,AST_2D18E63E,1.320909,0.006753
2026-01-27,SYS_008,AST_A4091273,2.571634,0.00467
2026-01-27,SYS_009,AST_5A00C9C1,2.518177,0.00259
2026-01-27,SYS_010,AST_36B79295,2.295229,0.006326
2026-01-27,SYS_011,AST_F27373CF,1.403063,0.002917
2026-01-28,SYS_000,AST_3C044E12,3.160467,0.004204
2026-01-28,SYS_001,AST_F94717AF,2.898941,0.004351
2026-01-28,SYS_002,AST_53ADD945,1.504821,0.007611
2026-01-28,SYS_003,AST_35B3FF0B,3.037504,0.007615
2026-01-28,SYS_004,AST_65F217BF,2.327285,0.006588
2026-01-28,SYS_005,AST_D395BFCC,3.400493,0.004052
2026-01-28,SYS_006,AST_5923ED69,1.680571,0.005507
2026-01-28,SYS_007,AST_2D18E63E,2.858811,0.010365
2026-01-28,SYS_008,AST_A4091273,1.797053,0.005162
2026-01-28,SYS_009,AST_5A00C9C1,1.352748,0.003119
2026-01-28,SYS_010,AST_36B79295,9.387012,0.029507
2026-01-28,SYS_011,AST_F27373CF,3.088185,0.003958
2026-01-29,SYS_000,AST_3C044E12,4.028362,0.007444
2026-01-29,SYS_001,AST_F94717AF,2.707573,0.006451
2026-01-29,SYS_002,AST_53ADD945,4.064592,0.016638
2026-01-29,SYS_003,AST_35B3FF0B,2.469936,0.00397
2026-01-29,SYS_004,AST_65F217BF,2.163011,0.006798
2026-01-29,SYS_005,AST_D395BFCC,2.930337,0.012231
2026-01-29,SYS_006,AST_5923ED69,4.058582,0.00784
2026-01-29,SYS_007,AST_2D18E63E,2.792792,0.017542
2026-01-29,SYS_008,AST_A4091273,1.495846,0.004844
2026-01-29,SYS_009,AST_5A00C9C1,2.428016,0.00973
2026-01-29,SYS_010,AST_36B79295,2.957944,0.011261
2026-01-29,SYS_011,AST_F27373CF,3.825563,0.010132
2026-01-30,SYS_000,AST_3C044E12,4.236444,0.004937
2026-01-30,SYS_001,AST_F94717AF,1.995436,0.00337
2026-01-30,SYS_002,AST_53ADD945,3.91535,0.014657
2026-01-30,SYS_003,AST_35B3FF0B,1.59551,0.002257
2026-01-30,SYS_004,AST_65F217BF,2.136162,0.002115
2026-01-30,SYS_005,AST_D395BFCC,9.691981,0.02937
2026-01-30,SYS_006,AST_5923ED69,3.213194,0.016444
2026-01-30,SYS_007,AST_2D18E63E,3.159167,0.017897
2026-01-30,SYS_008,AST_A4091273,5.660429,0.010087
2026-01-30,SYS_009,AST_5A00C9C1,3.163867,0.010664
2026-01-30,SYS_010,AST_36B79295,4.593554,0.012457
2026-01-30,SYS_011,AST_F27373CF,2.570463,0.003507
2026-01-31,SYS_000,AST_3C044E12,1.342151,0.00358
2026-01-31,SYS_001,AST_F94717AF,1.912198,0.004283
2026-01-31,SYS_002,AST_53ADD945,1.483042,0.002341
2026-01-31,SYS_003,AST_35B3FF0B,4.087969,0.007689
2026-01-31,SYS_004,AST_65F217BF,1.943137,0.009996
2026-01-31,SYS_005,AST_D395BFCC,3.552982,0.00557
2026-01-31,SYS_006,AST_5923ED69,2.940174,0.004725
2026-01-31,SYS_007,AST_2D18E63E,4.690367,0.016332
2026-01-31,SYS_008,AST_A4091273,1.458701,0.009201
2026-01-31,SYS_009,AST_5A00C9C1,1.706963,0.005107
2026-01-31,SYS_010,AST_36B79295,3.186522,0.008557
2026-01-31,SYS_011,AST_F27373CF,2.639846,0.006787
2026-02-01,SYS_000,AST_3C044E12,2.695279,0.005952
2026-02-01,SYS_001,AST_F94717AF,4.731409,0.016781
2026-02-01,SYS_002,AST_53ADD945,2.178725,0.00667
2026-02-01,SYS_003,AST_35B3FF0B,1.92327,0.002262
2026-02-01,SYS_004,AST_65F217BF,3.794686,0.006165
2026-02-01,SYS_005,AST_D395BFCC,2.651006,0.002315
2026-02-01,SYS_006,AST_5923ED69,2.342999,0.0025
2026-02-01,SYS_007,AST_2D18E63E,4.682387,0.016067
2026-02-01,SYS_008,AST_A4091273,5.005791,0.024577
2026-02-01,SYS_009,AST_5A00C9C1,3.255038,0.011339
2026-02-01,SYS_010,AST_36B79295,5.502388,0.005161
2026-02-01,SYS_011,AST_F27373CF,4.21796,0.012932
2026-02-02,SYS_000,AST_3C044E12,2.525671,0.005282
2026-02-02,SYS_001,AST_F94717AF,1.955035,0.00331
2026-02-02,SYS_002,AST_53ADD945,2.637434,0.007163
2026-02-02,SYS_003,AST_35B3FF0B,1.501817,0.005672
2026-02-02,SYS_004,AST_65F217BF,3.254114,0.007409
2026-02-02,SYS_005,AST_D395BFCC,4.671764,0.009386
2026-02-02,SYS_006,AST_5923ED69,0.929072,0.002937
2026-02-02,SYS_007,AST_2D18E63E,3.084825,0.006498
2026-02-02,SYS_008,AST_A4091273,2.624999,0.006323
2026-02-02,SYS_009,AST_5A00C9C1,3.359274,0.014624
2026-02-02,SYS_010,AST_36B79295,3.089279,0.008379
2026-02-02,SYS_011,AST_F27373CF,3.704182,0.012614
2026-02-03,SYS_000,AST_3C044E12,2.313747,0.002563
2026-02-03,SYS_001,AST_F94717AF,3.085883,0.003461
2026-02-03,SYS_002,AST_53ADD945,1.58608,0.003164
2026-02-03,SYS_003,AST_35B3FF0B,5.424354,0.006226
2026-02-03,SYS_004,AST_65F217BF,2.31822,0.003312
2026-02-03,SYS_005,AST_D395BFCC,2.819214,0.006102
2026-02-03,SYS_006,AST_5923ED69,3.144556,0.003129
2026-02-03,SYS_007,AST_2D18E63E,2.06737,0.002868
2026-02-03,SYS_008,AST_A4091273,1.703359,0.005256
2026-02-03,SYS_009,AST_5A00C9C1,2.924873,0.011428
2026-02-03,SYS_010,AST_36B79295,1.977924,0.006321
2026-02-03,SYS_011,AST_F27373CF,1.988116,0.005104
2026-02-04,SYS_000,AST_3C044E12,2.910156,0.008441
2026-02-04,SYS_001,AST_F94717AF,2.951707,0.007515
2026-02-04,SYS_002,AST_53ADD945,1.984787,0.003751
2026-02-04,SYS_003,AST_35B3FF0B,3.169132,0.00203
2026-02-04,SYS_004,AST_65F217BF,3.316637,0.004988
2026-02-04,SYS_005,AST_D395BFCC,1.411811,0.003345
2026-02-04,SYS_006,AST_5923ED69,1.262635,0.001483
2026-02-04,SYS_007,AST_2D18E63E,5.266715,0.007521
2026-02-04,SYS_008,AST_A4091273,3.670919,0.008478
2026-02-04,SYS_009,AST_5A00C9C1,3.2024,0.005995
2026-02-04,SYS_010,AST_36B79295,3.390182,0.01092
2026-02-04,SYS_011,AST_F27373CF,1.73956,0.003848
2026-02-05,SYS_000,AST_3C044E12,3.794974,0.004939
2026-02-05,SYS_001,AST_F94717AF,1.890125,0.003861
2026-02-05,SYS_002,AST_53ADD945,2.287941,0.001371
2026-02-05,SYS_003,AST_35B3FF0B,3.727349,0.01148
2026-02-05,SYS_004,AST_65F217BF,3.412822,0.009356
2026-02-05,SYS_005,AST_D395BFCC,2.906447,0.006704
2026-02-05,SYS_006,AST_5923ED69,2.405697,0.002286
2026-02-05,SYS_007,AST_2D18E63E,1.076028,0.005986
2026-02-05,SYS_008,AST_A4091273,2.707747,0.009585
2026-02-05,SYS_009,AST_5A00C9C1,2.984216,0.008412
2026-02-05,SYS_010,AST_36B79295,2.755367,0.013792
2026-02-05,SYS_011,AST_F27373CF,2.591169,0.006187
2026-02-06,SYS_000,AST_3C044E12,4.132721,0.017051
2026-02-06,SYS_001,AST_F94717AF,3.077416,0.021288
2026-02-06,SYS_002,AST_53ADD945,2.639359,0.0058
2026-02-06,SYS_003,AST_35B3FF0B,2.911396,0.005302
2026-02-06,SYS_004,AST_65F217BF,2.327894,0.00604
2026-02-06,SYS_005,AST_D395BFCC,4.975478,0.008059
2026-02-06,SYS_006,AST_5923ED69,2.236019,0.010409
2026-02-06,SYS_007,AST_2D18E63E,5.082666,0.010724
2026-02-06,SYS_008,AST_A4091273,3.973291,0.003215
2026-02-06,SYS_009,AST_5A00C9C1,3.687784,0.013361
2026-02-06,SYS_010,AST_36B79295,3.095504,0.013565
2026-02-06,SYS_011,AST_F27373CF,1.523844,0.002676
2026-02-07,SYS_000,AST_3C044E12,2.54886,0.007316
2026-02-07,SYS_001,AST_F94717AF,1.608439,0.008549
2026-02-07,SYS_002,AST_53ADD945,3.027695,0.010835
2026-02-07,SYS_003,AST_35B3FF0B,1.152233,0.003565
2026-02-07,SYS_004,AST_65F217BF,2.955199,0.003782
2026-02-07,SYS_005,AST_D395BFCC,5.358702,0.013491
2026-02-07,SYS_006,AST_5923ED69,1.572267,0.002975
2026-02-07,SYS_007,AST_2D18E63E,2.426828,0.004202
2026-02-07,SYS_008,AST_A4091273,1.745746,0.004272
2026-02-07,SYS_009,AST_5A00C9C1,4.267743,0.01432
2026-02-07,SYS_010,AST_36B79295,4.074716,0.00674
2026-02-07,SYS_011,AST_F27373CF,1.131372,0.00109
2026-02-08,SYS_000,AST_3C044E12,2.73767,0.002961
2026-02-08,SYS_001,AST_F94717AF,3.384907,0.010806
2026-02-08,SYS_002,AST_53ADD945,2.441502,0.003521
2026-02-08,SYS_003,AST_35B3FF0B,2.823155,0.018001
2026-02-08,SYS_004,AST_65F217BF,3.624795,0.00953
2026-02-08,SYS_005,AST_D395BFCC,1.738798,0.002576
2026-02-08,SYS_006,AST_5923ED69,1.218756,0.002395
2026-02-08,SYS_007,AST_2D18E63E,2.939238,0.003119
2026-02-08,SYS_008,AST_A4091273,5.787023,0.018256
2026-02-08,SYS_009,AST_5A00C9C1,2.194434,0.00504
2026-02-08,SYS_010,AST_36B79295,1.593298,0.001623
2026-02-08,SYS_011,AST_F27373CF,1.718942,0.0032
2026-02-09,SYS_000,AST_3C044E12,2.161736,0.005456
2026-02-09,SYS_001,AST_F94717AF,6.041178,0.017032
2026-02-09,SYS_002,AST_53ADD945,3.790967,0.005108
2026-02-09,SYS_003,AST_35B3FF0B,4.292118,0.004075
2026-02-09,SYS_004,AST_65F217BF,1.248245,0.000854
2026-02-09,SYS_005,AST_D395BFCC,2.178859,0.004836
2026-02-09,SYS_006,AST_5923ED69,2.560176,0.018349
2026-02-09,SYS_007,AST_2D18E63E,2.830948,0.009258
2026-02-09,SYS_008,AST_A4091273,2.246299,0.004016
2026-02-09,SYS_009,AST_5A00C9C1,2.966887,0.005512
2026-02-09,SYS_010,AST_36B79295,1.268634,0.001943
2026-02-09,SYS_011,AST_F27373CF,3.244136,0.007869
2026-02-10,SYS_000,AST_3C044E12,3.189989,0.009103
2026-02-10,SYS_001,AST_F94717AF,2.541376,0.003124
2026-02-10,SYS_002,AST_53ADD945,2.43409,0.00524
2026-02-10,SYS_003,AST_35B3FF0B,3.166346,0.004847
2026-02-10,SYS_004,AST_65F217BF,3.104899,0.005691
2026-02-10,SYS_005,AST_D395BFCC,11.801053,0.046924
2026-02-10,SYS_006,AST_5923ED69,4.418159,0.002076
2026-02-10,SYS_007,AST_2D18E63E,1.968739,0.011062
2026-02-10,SYS_008,AST_A4091273,5.946695,0.006369
2026-02-10,SYS_009,AST_5A00C9C1,1.793359,0.003728
2026-02-10,SYS_010,AST_36B79295,3.099078,0.020583
2026-02-10,SYS_011,AST_F27373CF,2.73961,0.003632
2026-02-11,SYS_000,AST_3C044E12,2.568038,0.002258
2026-02-11,SYS_001,AST_F94717AF,2.571673,0.003116
2026-02-11,SYS_002,AST_53ADD945,2.086243,0.007143
2026-02-11,SYS_003,AST_35B3FF0B,3.243077,0.001966
2026-02-11,SYS_004,AST_65F217BF,4.102948,0.007158
2026-02-11,SYS_005,AST_D395BFCC,1.804703,0.006706
2026-02-11,SYS_006,AST_5923ED69,1.182228,0.001451
2026-02-11,SYS_007,AST_2D18E63E,4.873111,0.013545
2026-02-11,SYS_008,AST_A4091273,3.287571,0.005179
2026-02-11,SYS_009,AST_5A00C9C1,2.3087,0.003854
2026-02-11,SYS_010,AST_36B79295,3.506571,0.005616
2026-02-11,SYS_011,AST_F27373CF,1.81585,0.004987
2026-02-12,SYS_000,AST_3C044E12,3.14997,0.002917
2026-02-12,SYS_001,AST_F94717AF,3.082163,0.006034
2026-02-12,SYS_002,AST_53ADD945,3.935252,0.006966
2026-02-12,SYS_003,AST_35B3FF0B,4.751758,0.031786
2026-02-12,SYS_004,AST_65F217BF,3.324396,0.011007
2026-02-12,SYS_005,AST_D395BFCC,0.810412,0.001094
2026-02-12,SYS_006,AST_5923ED69,1.921208,0.002193
2026-02-12,SYS_007,AST_2D18E63E,1.60163,0.009105
2026-02-12,SYS_008,AST_A4091273,3.563473,0.002384
2026-02-12,SYS_009,AST_5A00C9C1,2.045166,0.002797
2026-02-12,SYS_010,AST_36B79295,4.885307,0.005959
2026-02-12,SYS_011,AST_F27373CF,4.266138,0.009769
2026-02-13,SYS_000,AST_3C044E12,4.808102,0.017043
2026-02-13,SYS_001,AST_F94717AF,1.542986,0.002902
2026-02-13,SYS_002,AST_53ADD945,1.739562,0.005442
2026-02-13,SYS_003,AST_35B3FF0B,7.469574,0.016044
2026-02-13,SYS_004,AST_65F217BF,1.675759,0.007115
2026-02-13,SYS_005,AST_D395BFCC,2.145857,0.002544
2026-02-13,SYS_006,AST_5923ED69,4.756131,0.012297
2026-02-13,SYS_007,AST_2D18E63E,1.382628,0.005122
2026-02-13,SYS_008,AST_A4091273,2.048172,0.009885
2026-02-13,SYS_009,AST_5A00C9C1,2.679414,0.005472
2026-02-13,SYS_010,AST_36B79295,4.146354,0.019758
2026-02-13,SYS_011,AST_F27373CF,2.945483,0.007071
2026-02-14,SYS_000,AST_3C044E12,3.388606,0.019933
2026-02-14,SYS_001,AST_F94717AF,2.169938,0.006956
2026-02-14,SYS_002,AST_53ADD945,4.273863,0.009611
2026-02-14,SYS_003,AST_35B3FF0B,1.384915,0.001551
2026-02-14,SYS_004,AST_65F217BF,1.565704,0.005027
2026-02-14,SYS_005,AST_D395BFCC,3.196639,0.011381
2026-02-14,SYS_006,AST_5923ED69,1.891129,0.002646
2026-02-14,SYS_007,AST_2D18E63E,5.388943,0.027286
2026-02-14,SYS_008,AST_A4091273,1.534537,0.002916
2026-02-14,SYS_009,AST_5A00C9C1,2.558033,0.004004
2026-02-14,SYS_010,AST_36B79295,5.453961,0.018714
2026-02-14,SYS_011,AST_F27373CF,2.238768,0.005598
2026-02-15,SYS_000,AST_3C044E12,2.888977,0.00752
2026-02-15,SYS_001,AST_F94717AF,1.604411,0.002118
2026-02-15,SYS_002,AST_53ADD945,3.49267,0.015242
2026-02-15,SYS_003,AST_35B3FF0B,3.151048,0.019808
2026-02-15,SYS_004,AST_65F217BF,2.336283,0.004783
2026-02-15,SYS_005,AST_D395BFCC,4.274719,0.013005
2026-02-15,SYS_006,AST_5923ED69,3.962747,0.015162
2026-02-15,SYS_007,AST_2D18E63E,3.755912,0.007028
2026-02-15,SYS_008,AST_A4091273,2.350873,0.002309
2026-02-15,SYS_009,AST_5A00C9C1,1.676339,0.002578
2026-02-15,SYS_010,AST_36B79295,1.482016,0.00156
2026-02-15,SYS_011,AST_F27373CF,3.458297,0.006509
2026-02-16,SYS_000,AST_3C044E12,2.608201,0.005296
2026-02-16,SYS_001,AST_F94717AF,3.207603,0.003364
2026-02-16,SYS_002,AST_53ADD945,2.030585,0.002711
2026-02-16,SYS_003,AST_35B3FF0B,5.033542,0.024291
2026-02-16,SYS_004,AST_65F217BF,2.759148,0.010873
2026-02-16,SYS_005,AST_D395BFCC,9.060737,0.024412
2026-02-16,SYS_006,AST_5923ED69,3.815337,0.017565
2026-02-16,SYS_007,AST_2D18E63E,6.221994,0.016032
2026-02-16,SYS_008,AST_A4091273,5.432807,0.008738
2026-02-16,SYS_009,AST_5A00C9C1,3.006367,0.007328
2026-02-16,SYS_010,AST_36B79295,1.505551,0.005409
2026-02-16,SYS_011,AST_F27373CF,5.022503,0.007049
2026-02-17,SYS_000,AST_3C044E12,2.465775,0.004279
2026-02-17,SYS_001,AST_F94717AF,1.923275,0.001495
2026-02-17,SYS_002,AST_53ADD945,3.710169,0.004287
2026-02-17,SYS_003,AST_35B3FF0B,2.192297,0.004525
2026-02-17,SYS_004,AST_65F217BF,1.700221,0.001568
2026-02-17,SYS_005,AST_D395BFCC,3.354563,0.005452
2026-02-17,SYS_006,AST_5923ED69,3.414825,0.008796
2026-02-17,SYS_007,AST_2D18E63E,1.636192,0.005528
2026-02-17,SYS_008,AST_A4091273,3.153779,0.011311
2026-02-17,SYS_009,AST_5A00C9C1,2.377166,0.006402
2026-02-17,SYS_010,AST_36B79295,2.187021,0.002876
2026-02-17,SYS_011,AST_F27373CF,1.750181,0.002949
2026-02-18,SYS_000,AST_3C044E12,3.490543,0.006265
2026-02-18,SYS_001,AST_F94717AF,3.59003,0.011675
2026-02-18,SYS_002,AST_53ADD945,5.810406,0.018042
2026-02-18,SYS_003,AST_35B3FF0B,1.877038,0.004067
2026-02-18,SYS_004,AST_65F217BF,4.302219,0.009277
2026-02-18,SYS_005,AST_D395BFCC,2.840763,0.003672
2026-02-18,SYS_006,AST_5923ED69,2.691036,0.003287
2026-02-18,SYS_007,AST_2D18E63E,5.355776,0.012649
2026-02-18,SYS_008,AST_A4091273,3.593467,0.043528
2026-02-18,SYS_009,AST_5A00C9C1,2.198909,0.008127
2026-02-18,SYS_010,AST_36B79295,2.619613,0.008647
2026-02-18,SYS_011,AST_F27373CF,3.209397,0.006324
2026-02-19,SYS_000,AST_3C044E12,2.38371,0.001787
2026-02-19,SYS_001,AST_F94717AF,3.031234,0.007586
2026-02-19,SYS_002,AST_53ADD945,2.409748,0.004877
2026-02-19,SYS_003,AST_35B3FF0B,4.144186,0.00504
2026-02-19,SYS_004,AST_65F217BF,7.961229,0.009225
2026-02-19,SYS_005,AST_D395BFCC,1.040376,0.001718
2026-02-19,SYS_006,AST_5923ED69,3.331658,0.009021
2026-02-19,SYS_007,AST_2D18E63E,3.452674,0.003296
2026-02-19,SYS_008,AST_A4091273,3.02099,0.003393
2026-02-19,SYS_009,AST_5A00C9C1,2.671602,0.005998
2026-02-19,SYS_010,AST_36B79295,3.509517,0.007989
2026-02-19,SYS_011,AST_F27373CF,3.380533,0.011087
2026-02-20,SYS_000,AST_3C044E12,1.736486,0.00482
2026-02-20,SYS_001,AST_F94717AF,2.254613,0.006454
2026-02-20,SYS_002,AST_53ADD945,2.059481,0.010694
2026-02-20,SYS_003,AST_35B3FF0B,1.317207,0.00436
2026-02-20,SYS_004,AST_65F217BF,1.53279,0.004089
2026-02-20,SYS_005,AST_D395BFCC,2.123215,0.002166
2026-02-20,SYS_006,AST_5923ED69,5.105167,0.02885
2026-02-20,SYS_007,AST_2D18E63E,5.024426,0.005664
2026-02-20,SYS_008,AST_A4091273,6.055863,0.025649
2026-02-20,SYS_009,AST_5A00C9C1,2.327565,0.004498
2026-02-20,SYS_010,AST_36B79295,3.135298,0.00914
2026-02-20,SYS_011,AST_F27373CF,3.564712,0.008125
2026-02-21,SYS_000,AST_3C044E12,2.963217,0.005476
2026-02-21,SYS_001,AST_F94717AF,2.106386,0.0071
2026-02-21,SYS_002,AST_53ADD945,2.260896,0.012629
2026-02-21,SYS_003,AST_35B3FF0B,2.626819,0.003188
2026-02-21,SYS_004,AST_65F217BF,1.522568,0.005305
2026-02-21,SYS_005,AST_D395BFCC,3.06035,0.010592
2026-02-21,SYS_006,AST_5923ED69,2.167765,0.006692
2026-02-21,SYS_007,AST_2D18E63E,4.027019,0.006376
2026-02-21,SYS_008,AST_A4091273,2.452942,0.006217
2026-02-21,SYS_009,AST_5A00C9C1,2.492572,0.009322
2026-02-21,SYS_010,AST_36B79295,2.867738,0.011909
2026-02-21,SYS_011,AST_F27373CF,3.932197,0.011168
2026-02-22,SYS_000,AST_3C044E12,1.810405,0.009062
2026-02-22,SYS_001,AST_F94717AF,1.134912,0.001724
2026-02-22,SYS_002,AST_53ADD945,3.027169,0.010963
2026-02-22,SYS_003,AST_35B3FF0B,4.925192,0.01449
2026-02-22,SYS_004,AST_65F217BF,1.738975,0.004401
2026-02-22,SYS_005,AST_D395BFCC,6.194026,0.029846
2026-02-22,SYS_006,AST_5923ED69,3.01583,0.009132
2026-02-22,SYS_007,AST_2D18E63E,1.762128,0.001804
2026-02-22,SYS_008,AST_A4091273,2.909876,0.008584
2026-02-22,SYS_009,AST_5A00C9C1,3.385063,0.00953
2026-02-22,SYS_010,AST_36B79295,1.497393,0.008734
2026-02-22,SYS_011,AST_F27373CF,2.74507,0.015276
2026-02-23,SYS_000,AST_3C044E12,3.487172,0.004408
2026-02-23,SYS_001,AST_F94717AF,2.467502,0.003882
2026-02-23,SYS_002,AST_53ADD945,5.253318,0.013807
2026-02-23,SYS_003,AST_35B3FF0B,1.834948,0.006854
2026-02-23,SYS_004,AST_65F217BF,5.15016,0.015851
2026-02-23,SYS_005,AST_D395BFCC,2.118789,0.016363
2026-02-23,SYS_006,AST_5923ED69,4.694266,0.006264
2026-02-23,SYS_007,AST_2D18E63E,1.76074,0.002158
2026-02-23,SYS_008,AST_A4091273,3.097935,0.007517
2026-02-23,SYS_009,AST_5A00C9C1,3.090473,0.005284
2026-02-23,SYS_010,AST_36B79295,1.443358,0.004659
2026-02-23,SYS_011,AST_F27373CF,1.925862,0.004237
2026-02-24,SYS_000,AST_3C044E12,2.889218,0.007361
2026-02-24,SYS_001,AST_F94717AF,2.668844,0.00165
2026-02-24,SYS_002,AST_53ADD945,1.923049,0.003794
2026-02-24,SYS_003,AST_35B3FF0B,5.694293,0.00723
2026-02-24,SYS_004,AST_65F217BF,1.758309,0.00493
2026-02-24,SYS_005,AST_D395BFCC,2.746963,0.005394
2026-02-24,SYS_006,AST_5923ED69,1.621914,0.00358
2026-02-24,SYS_007,AST_2D18E63E,3.876952,0.016929
2026-02-24,SYS_008,AST_A4091273,0.970837,0.004707
2026-02-24,SYS_009,AST_5A00C9C1,2.325074,0.011754
2026-02-24,SYS_010,AST_36B79295,3.749116,0.016394
2026-02-24,SYS_011,AST_F27373CF,3.459375,0.01067
2026-02-25,SYS_000,AST_3C044E12,1.687665,0.002141
2026-02-25,SYS_001,AST_F94717AF,8.19732,0.017061
2026-02-25,SYS_002,AST_53ADD945,3.406685,0.009322
2026-02-25,SYS_003,AST_35B3FF0B,5.776659,0.045252
2026-02-25,SYS_004,AST_65F217BF,2.393892,0.002892
2026-02-25,SYS_005,AST_D395BFCC,2.690866,0.009926
2026-02-25,SYS_006,AST_5923ED69,2.30176,0.009403
2026-02-25,SYS_007,AST_2D18E63E,1.796438,0.006064
2026-02-25,SYS_008,AST_A4091273,2.011642,0.002775
2026-02-25,SYS_009,AST_5A00C9C1,3.393493,0.008083
2026-02-25,SYS_010,AST_36B79295,2.140439,0.008117
2026-02-25,SYS_011,AST_F27373CF,3.337194,0.009424
2026-02-26,SYS_000,AST_3C044E12,2.00205,0.00252
2026-02-26,SYS_001,AST_F94717AF,2.006784,0.004407
2026-02-26,SYS_002,AST_53ADD945,2.132105,0.005042
2026-02-26,SYS_003,AST_35B3FF0B,4.585973,0.008609
2026-02-26,SYS_004,AST_65F217BF,3.391085,0.005252
2026-02-26,SYS_005,AST_D395BFCC,2.3517,0.003346
2026-02-26,SYS_006,AST_5923ED69,3.654011,0.002244
2026-02-26,SYS_007,AST_2D18E63E,2.889942,0.005371
2026-02-26,SYS_008,AST_A4091273,3.453928,0.011045
2026-02-26,SYS_009,AST_5A00C9C1,1.921411,0.004779
2026-02-26,SYS_010,AST_36B79295,1.605031,0.0047
2026-02-26,SYS_011,AST_F27373CF,0.809248,0.000869
2026-02-27,SYS_000,AST_3C044E12,1.553102,0.007851
2026-02-27,SYS_001,AST_F94717AF,2.410328,0.014387
2026-02-27,SYS_002,AST_53ADD945,1.251143,0.005332
2026-02-27,SYS_003,AST_35B3FF0B,3.31601,0.007463
2026-02-27,SYS_004,AST_65F217BF,9.951383,0.021646
2026-02-27,SYS_005,AST_D395BFCC,3.417336,0.014608
2026-02-27,SYS_006,AST_5923ED69,1.813627,0.003317
2026-02-27,SYS_007,AST_2D18E63E,2.189058,0.008519
2026-02-27,SYS_008,AST_A4091273,3.294581,0.005148
2026-02-27,SYS_009,AST_5A00C9C1,1.939372,0.004298
2026-02-27,SYS_010,AST_36B79295,2.160553,0.00571
2026-02-27,SYS_011,AST_F27373CF,5.911607,0.011483
2026-02-28,SYS_000,AST_3C044E12,4.718585,0.011914
2026-02-28,SYS_001,AST_F94717AF,3.110755,0.00656
2026-02-28,SYS_002,AST_53ADD945,4.718779,0.007454
2026-02-28,SYS_003,AST_35B3FF0B,3.510632,0.014141
2026-02-28,SYS_004,AST_65F217BF,1.495255,0.002728
2026-02-28,SYS_005,AST_D395BFCC,1.999715,0.006203
2026-02-28,SYS_006,AST_5923ED69,2.637867,0.005443
2026-02-28,SYS_007,AST_2D18E63E,4.035802,0.025391
2026-02-28,SYS_008,AST_A4091273,2.943701,0.00496
2026-02-28,SYS_009,AST_5A00C9C1,1.748998,0.004637
2026-02-28,SYS_010,AST_36B79295,6.513705,0.087677
2026-02-28,SYS_011,AST_F27373CF,3.771491,0.003226
2026-03-01,SYS_000,AST_3C044E12,3.094989,0.008574
2026-03-01,SYS_001,AST_F94717AF,3.568479,0.012085
2026-03-01,SYS_002,AST_53ADD945,1.525325,0.002616
2026-03-01,SYS_003,AST_35B3FF0B,2.182031,0.004455
2026-03-01,SYS_004,AST_65F217BF,1.351505,0.001755
2026-03-01,SYS_005,AST_D395BFCC,2.894063,0.015189
2026-03-01,SYS_006,AST_5923ED69,6.643056,0.0057
2026-03-01,SYS_007,AST_2D18E63E,1.718281,0.003268
2026-03-01,SYS_008,AST_A4091273,4.743262,0.012437
2026-03-01,SYS_009,AST_5A00C9C1,2.187738,0.003859
2026-03-01,SYS_010,AST_36B79295,6.054347,0.026302
2026-03-01,SYS_011,AST_F27373CF,3.706654,0.017614
2026-03-02,SYS_000,AST_3C044E12,1.776502,0.001916
2026-03-02,SYS_001,AST_F94717AF,2.84915,0.007549
2026-03-02,SYS_002,AST_53ADD945,2.125392,0.003721
2026-03-02,SYS_003,AST_35B3FF0B,3.586979,0.009221
2026-03-02,SYS_004,AST_65F217BF,1.996187,0.003848
2026-03-02,SYS_005,AST_D395BFCC,2.871223,0.010977
2026-03-02,SYS_006,AST_5923ED69,1.943352,0.005197
2026-03-02,SYS_007,AST_2D18E63E,3.170076,0.005288
2026-03-02,SYS_008,AST_A4091273,2.675565,0.002454
2026-03-02,SYS_009,AST_5A00C9C1,3.112208,0.016585
2026-03-02,SYS_010,AST_36B79295,8.339725,0.030114
2026-03-02,SYS_011,AST_F27373CF,2.685593,0.007574
2026-03-03,SYS_000,AST_3C044E12,4.491234,0.008871
2026-03-03,SYS_001,AST_F94717AF,1.480745,0.012951
2026-03-03,SYS_002,AST_53ADD945,1.899438,0.004717
2026-03-03,SYS_003,AST_35B3FF0B,3.177158,0.006112
2026-03-03,SYS_004,AST_65F217BF,1.225992,0.007675
2026-03-03,SYS_005,AST_D395BFCC,2.542004,0.004381
2026-03-03,SYS_006,AST_5923ED69,1.421662,0.002653
2026-03-03,SYS_007,AST_2D18E63E,0.822011,0.001463
2026-03-03,SYS_008,AST_A4091273,3.042544,0.007445
2026-03-03,SYS_009,AST_5A00C9C1,3.734299,0.007055
2026-03-03,SYS_010,AST_36B79295,1.012197,0.002468
2026-03-03,SYS_011,AST_F27373CF,5.443453,0.013505
2026-03-04,SYS_000,AST_3C044E12,2.141428,0.004956
2026-03-04,SYS_001,AST_F94717AF,7.626149,0.015658
2026-03-04,SYS_002,AST_53ADD945,1.025147,0.014659
2026-03-04,SYS_003,AST_35B3FF0B,2.96329,0.004607
2026-03-04,SYS_004,AST_65F217BF,1.464854,0.002598
2026-03-04,SYS_005,AST_D395BFCC,6.608675,0.027046
2026-03-04,SYS_006,AST_5923ED69,2.158281,0.001727
2026-03-04,SYS_007,AST_2D18E63E,2.266718,0.016187
2026-03-04,SYS_008,AST_A4091273,1.500404,0.003138
2026-03-04,SYS_009,AST_5A00C9C1,1.833686,0.00742
2026-03-04,SYS_010,AST_36B79295,3.34937,0.00679
2026-03-04,SYS_011,AST_F27373CF,2.037347,0.005548
2026-03-05,SYS_000,AST_3C044E12,1.366014,0.004427
2026-03-05,SYS_001,AST_F94717AF,4.064715,0.006758
2026-03-05,SYS_002,AST_53ADD945,2.462574,0.007781
2026-03-05,SYS_003,AST_35B3FF0B,2.271032,0.009385
2026-03-05,SYS_004,AST_65F217BF,2.672478,0.003865
2026-03-05,SYS_005,AST_D395BFCC,5.848153,0.015267
2026-03-05,SYS_006,AST_5923ED69,3.117868,0.00825
2026-03-05,SYS_007,AST_2D18E63E,2.20212,0.007842
2026-03-05,SYS_008,AST_A4091273,1.823056,0.007198
2026-03-05,SYS_009,AST_5A00C9C1,2.903036,0.003243
2026-03-05,SYS_010,AST_36B79295,2.360133,0.016751
2026-03-05,SYS_011,AST_F27373CF,2.557636,0.007613
2026-03-06,SYS_000,AST_3C044E12,3.991666,0.027599
2026-03-06,SYS_001,AST_F94717AF,1.58013,0.002141
2026-03-06,SYS_002,AST_53ADD945,3.949681,0.009354
2026-03-06,SYS_003,AST_35B3FF0B,4.378876,0.004469
2026-03-06,SYS_004,AST_65F217BF,1.789735,0.003164
2026-03-06,SYS_005,AST_D395BFCC,1.336658,0.003147
2026-03-06,SYS_006,AST_5923ED69,2.403694,0.014516
2026-03-06,SYS_007,AST_2D18E63E,1.593829,0.004501
2026-03-06,SYS_008,AST_A4091273,4.958196,0.007852
2026-03-06,SYS_009,AST_5A00C9C1,3.146728,0.007652
2026-03-06,SYS_010,AST_36B79295,7.673095,0.047767
2026-03-06,SYS_011,AST_F27373CF,2.132092,0.003319
2026-03-07,SYS_000,AST_3C044E12,5.350454,0.015522
2026-03-07,SYS_001,AST_F94717AF,1.330191,0.005852
2026-03-07,SYS_002,AST_53ADD945,7.126014,0.019814
2026-03-07,SYS_003,AST_35B3FF0B,3.643888,0.007799
2026-03-07,SYS_004,AST_65F217BF,1.619719,0.003867
2026-03-07,SYS_005,AST_D395BFCC,7.178825,0.031523
2026-03-07,SYS_006,AST_5923ED69,2.607831,0.005971
2026-03-07,SYS_007,AST_2D18E63E,3.566964,0.010519
2026-03-07,SYS_008,AST_A4091273,1.767705,0.001016
2026-03-07,SYS_009,AST_5A00C9C1,4.020887,0.014726
2026-03-07,SYS_010,AST_36B79295,4.290365,0.013592
2026-03-07,SYS_011,AST_F27373CF,2.965775,0.006399
2026-03-08,SYS_000,AST_3C044E12,2.930966,0.010691
2026-03-08,SYS_001,AST_F94717AF,3.04471,0.005378
2026-03-08,SYS_002,AST_53ADD945,2.955194,0.020485
2026-03-08,SYS_003,AST_35B3FF0B,1.213697,0.001752
2026-03-08,SYS_004,AST_65F217BF,3.345898,0.0261
2026-03-08,SYS_005,AST_D395BFCC,1.747136,0.007077
2026-03-08,SYS_006,AST_5923ED69,3.38482,0.004437
2026-03-08,SYS_007,AST_2D18E63E,1.256755,0.008664
2026-03-08,SYS_008,AST_A4091273,1.719422,0.004775
2026-03-08,SYS_009,AST_5A00C9C1,2.885512,0.002557
2026-03-08,SYS_010,AST_36B79295,2.774223,0.008102
2026-03-08,SYS_011,AST_F27373CF,3.943776,0.0086
2026-03-09,SYS_000,AST_3C044E12,3.350097,0.007689
2026-03-09,SYS_001,AST_F94717AF,3.235964,0.005146
2026-03-09,SYS_002,AST_53ADD945,2.491124,0.008126
2026-03-09,SYS_003,AST_35B3FF0B,3.876701,0.00653
2026-03-09,SYS_004,AST_65F217BF,4.465121,0.004423
2026-03-09,SYS_005,AST_D395BFCC,6.283242,0.016611
2026-03-09,SYS_006,AST_5923ED69,1.86001,0.003648
2026-03-09,SYS_007,AST_2D18E63E,4.809238,0.005297
2026-03-09,SYS_008,AST_A4091273,3.154965,0.0036
2026-03-09,SYS_009,AST_5A00C9C1,3.561935,0.021795
2026-03-09,SYS_010,AST_36B79295,3.982377,0.031667
2026-03-09,SYS_011,AST_F27373CF,2.084358,0.002828
2026-03-10,SYS_000,AST_3C044E12,1.125755,0.001607
2026-03-10,SYS_001,AST_F94717AF,2.645134,0.049205
2026-03-10,SYS_002,AST_53ADD945,2.214912,0.004566
2026-03-10,SYS_003,AST_35B3FF0B,3.322338,0.003398
2026-03-10,SYS_004,AST_65F217BF,2.207827,0.010575
2026-03-10,SYS_005,AST_D395BFCC,3.865691,0.006266
2026-03-10,SYS_006,AST_5923ED69,1.216538,0.002589
2026-03-10,SYS_007,AST_2D18E63E,6.049206,0.011212
2026-03-10,SYS_008,AST_A4091273,1.931281,0.002398
2026-03-10,SYS_009,AST_5A00C9C1,2.797663,0.00551
2026-03-10,SYS_010,AST_36B79295,2.461293,0.003614
2026-03-10,SYS_011,AST_F27373CF,2.399037,0.003809
2026-03-11,SYS_000,AST_3C044E12,2.425615,0.018495
2026-03-11,SYS_001,AST_F94717AF,2.117336,0.006302
2026-03-11,SYS_002,AST_53ADD945,2.048655,0.005947
2026-03-11,SYS_003,AST_35B3FF0B,3.006255,0.002067
2026-03-11,SYS_004,AST_65F217BF,3.790397,0.004604
2026-03-11,SYS_005,AST_D395BFCC,4.725413,0.005365
2026-03-11,SYS_006,AST_5923ED69,1.474544,0.003909
2026-03-11,SYS_007,AST_2D18E63E,3.590285,0.005247
2026-03-11,SYS_008,AST_A4091273,2.635006,0.005725
2026-03-11,SYS_009,AST_5A00C9C1,3.094091,0.004606
2026-03-11,SYS_010,AST_36B79295,3.582437,0.007793
2026-03-11,SYS_011,AST_F27373CF,3.120339,0.01478
2026-03-12,SYS_000,AST_3C044E12,2.395634,0.005195
2026-03-12,SYS_001,AST_F94717AF,2.85677,0.006993
2026-03-12,SYS_002,AST_53ADD945,2.259408,0.005045
2026-03-12,SYS_003,AST_35B3FF0B,1.745306,0.0063
2026-03-12,SYS_004,AST_65F217BF,3.308316,0.011505
2026-03-12,SYS_005,AST_D395BFCC,4.090766,0.026658
2026-03-12,SYS_006,AST_5923ED69,2.322773,0.004447
2026-03-12,SYS_007,AST_2D18E63E,1.411672,0.002391
2026-03-12,SYS_008,AST_A4091273,4.801578,0.008433
2026-03-12,SYS_009,AST_5A00C9C1,1.153556,0.001499
2026-03-12,SYS_010,AST_36B79295,2.899442,0.008271
2026-03-12,SYS_011,AST_F27373CF,1.312265,0.00343
2026-03-13,SYS_000,AST_3C044E12,3.718317,0.011001
2026-03-13,SYS_001,AST_F94717AF,2.880493,0.003997
2026-03-13,SYS_002,AST_53ADD945,2.428468,0.001761
2026-03-13,SYS_003,AST_35B3FF0B,2.267504,0.003164
2026-03-13,SYS_004,AST_65F217BF,1.197559,0.00306
2026-03-13,SYS_005,AST_D395BFCC,3.100218,0.002201
2026-03-13,SYS_006,AST_5923ED69,2.361978,0.007692
2026-03-13,SYS_007,AST_2D18E63E,2.520722,0.005993
2026-03-13,SYS_008,AST_A4091273,1.689364,0.005263
2026-03-13,SYS_009,AST_5A00C9C1,1.873324,0.004623
2026-03-13,SYS_010,AST_36B79295,2.386294,0.015062
2026-03-13,SYS_011,AST_F27373CF,3.579703,0.005288
2026-03-14,SYS_000,AST_3C044E12,3.17107,0.009188
2026-03-14,SYS_001,AST_F94717AF,1.426408,0.006945
2026-03-14,SYS_002,AST_53ADD945,3.195987,0.006348
2026-03-14,SYS_003,AST_35B3FF0B,2.101588,0.004188
2026-03-14,SYS_004,AST_65F217BF,4.025135,0.008596
2026-03-14,SYS_005,AST_D395BFCC,3.140634,0.00563
2026-03-14,SYS_006,AST_5923ED69,4.812824,0.003229
2026-03-14,SYS_007,AST_2D18E63E,3.276329,0.008933
2026-03-14,SYS_008,AST_A4091273,2.368366,0.012626
2026-03-14,SYS_009,AST_5A00C9C1,2.660506,0.003523
2026-03-14,SYS_010,AST_36B79295,2.161297,0.002541
2026-03-14,SYS_011,AST_F27373CF,4.762613,0.009258
2026-03-15,SYS_000,AST_3C044E12,2.841482,0.013828
2026-03-15,SYS_001,AST_F94717AF,4.798534,0.011118
2026-03-15,SYS_002,AST_53ADD945,3.042378,0.018178
2026-03-15,SYS_003,AST_35B3FF0B,3.260289,0.008479
2026-03-15,SYS_004,AST_65F217BF,2.807943,0.006489
2026-03-15,SYS_005,AST_D395BFCC,6.151459,0.017207
2026-03-15,SYS_006,AST_5923ED69,3.09611,0.007663
2026-03-15,SYS_007,AST_2D18E63E,2.196293,0.006706
2026-03-15,SYS_008,AST_A4091273,2.026164,0.002604
2026-03-15,SYS_009,AST_5A00C9C1,2.351739,0.011069
2026-03-15,SYS_010,AST_36B79295,2.638723,0.00437
2026-03-15,SYS_011,AST_F27373CF,3.982479,0.007264
2026-03-16,SYS_000,AST_3C044E12,2.516843,0.00761
2026-03-16,SYS_001,AST_F94717AF,3.197017,0.005705
2026-03-16,SYS_002,AST_53ADD945,3.372152,0.007613
2026-03-16,SYS_003,AST_35B3FF0B,4.834773,0.034729
2026-03-16,SYS_004,AST_65F217BF,2.577003,0.002356
2026-03-16,SYS_005,AST_D395BFCC,2.53674,0.011656
2026-03-16,SYS_006,AST_5923ED69,2.265772,0.003476
2026-03-16,SYS_007,AST_2D18E63E,0.885663,0.001058
2026-03-16,SYS_008,AST_A4091273,1.729044,0.004492
2026-03-16,SYS_009,AST_5A00C9C1,3.483289,0.003436
2026-03-16,SYS_010,AST_36B79295,2.032087,0.00281
2026-03-16,SYS_011,AST_F27373CF,4.72108,0.024599
2026-03-17,SYS_000,AST_3C044E12,1.230339,0.003771
2026-03-17,SYS_001,AST_F94717AF,3.040155,0.006488
2026-03-17,SYS_002,AST_53ADD945,5.854129,0.026186
2026-03-17,SYS_003,AST_35B3FF0B,4.751158,0.012813
2026-03-17,SYS_004,AST_65F217BF,3.268673,0.003645
2026-03-17,SYS_005,AST_D395BFCC,5.139821,0.024391
2026-03-17,SYS_006,AST_5923ED69,2.529215,0.006249
2026-03-17,SYS_007,AST_2D18E63E,2.737784,0.006666
2026-03-17,SYS_008,AST_A4091273,2.908597,0.006339
2026-03-17,SYS_009,AST_5A00C9C1,0.978377,0.001806
2026-03-17,SYS_010,AST_36B79295,3.416274,0.010945
2026-03-17,SYS_011,AST_F27373CF,6.582693,0.008708
2026-03-18,SYS_000,AST_3C044E12,5.611966,0.013827
2026-03-18,SYS_001,AST_F94717AF,3.385782,0.006592
2026-03-18,SYS_002,AST_53ADD945,3.278882,0.015534
2026-03-18,SYS_003,AST_35B3FF0B,6.608492,0.016246
2026-03-18,SYS_004,AST_65F217BF,2.266465,0.002871
2026-03-18,SYS_005,AST_D395BFCC,4.502992,0.016003
2026-03-18,SYS_006,AST_5923ED69,5.323748,0.00951
2026-03-18,SYS_007,AST_2D18E63E,4.739511,0.007042
2026-03-18,SYS_008,AST_A4091273,1.381146,0.007714
2026-03-18,SYS_009,AST_5A00C9C1,3.346512,0.011284
2026-03-18,SYS_010,AST_36B79295,1.836552,0.001873
2026-03-18,SYS_011,AST_F27373CF,1.785805,0.006876
2026-03-19,SYS_000,AST_3C044E12,4.91782,0.008753
2026-03-19,SYS_001,AST_F94717AF,2.488458,0.004918
2026-03-19,SYS_002,AST_53ADD945,2.128978,0.004499
2026-03-19,SYS_003,AST_35B3FF0B,3.069235,0.014403
2026-03-19,SYS_004,AST_65F217BF,4.906674,0.020512
2026-03-19,SYS_005,AST_D395BFCC,1.928772,0.009179
2026-03-19,SYS_006,AST_5923ED69,1.828497,0.002149
2026-03-19,SYS_007,AST_2D18E63E,1.953411,0.008542
2026-03-19,SYS_008,AST_A4091273,1.80707,0.004368
2026-03-19,SYS_009,AST_5A00C9C1,2.867172,0.002847
2026-03-19,SYS_010,AST_36B79295,1.641467,0.004416
2026-03-19,SYS_011,AST_F27373CF,3.460685,0.002507
2026-03-20,SYS_000,AST_3C044E12,1.816685,0.00412
2026-03-20,SYS_001,AST_F94717AF,3.209055,0.005336
2026-03-20,SYS_002,AST_53ADD945,1.659643,0.00755
2026-03-20,SYS_003,AST_35B3FF0B,2.142616,0.004872
2026-03-20,SYS_004,AST_65F217BF,1.599655,0.004303
2026-03-20,SYS_005,AST_D395BFCC,2.706671,0.011865
2026-03-20,SYS_006,AST_5923ED69,4.023937,0.007358
2026-03-20,SYS_007,AST_2D18E63E,4.857584,0.015464
2026-03-20,SYS_008,AST_A4091273,3.391323,0.00936
2026-03-20,SYS_009,AST_5A00C9C1,3.450399,0.005201
2026-03-20,SYS_010,AST_36B79295,2.148776,0.008471
2026-03-20,SYS_011,AST_F27373CF,3.196325,0.004383
2026-03-21,SYS_000,AST_3C044E12,1.883469,0.005148
2026-03-21,SYS_001,AST_F94717AF,7.558374,0.010813
2026-03-21,SYS_002,AST_53ADD945,3.735444,0.019048
2026-03-21,SYS_003,AST_35B3FF0B,2.25651,0.003722
2026-03-21,SYS_004,AST_65F217BF,2.608997,0.009816
2026-03-21,SYS_005,AST_D395BFCC,5.303357,0.018667
2026-03-21,SYS_006,AST_5923ED69,2.782144,0.003454
2026-03-21,SYS_007,AST_2D18E63E,1.640534,0.003614
2026-03-21,SYS_008,AST_A4091273,2.14807,0.003437
2026-03-21,SYS_009,AST_5A00C9C1,5.88151,0.023504
2026-03-21,SYS_010,AST_36B79295,2.068907,0.002691
2026-03-21,SYS_011,AST_F27373CF,2.567343,0.005467
