id,date,systeme_id,asset_id,type,declencheur,cout
ACT_7BE00C21,2026-01-03,SYS_161,AST_927FA79A,REMPLACEMENT,PANNE,1800.0
ACT_683816B4,2026-01-13,SYS_150,AST_585BC7C3,REMPLACEMENT,PANNE,1800.0
ACT_F53DA833,2026-01-25,SYS_000,AST_C99D2BFF,REMPLACEMENT,PANNE,1800.0
ACT_C29A3DEB,2026-01-25,SYS_030,AST_6C4E7AB2,REMPLACEMENT,PANNE,1800.0
ACT_8E740033,2026-01-28,SYS_002,AST_88290FB6,REMPLACEMENT,PANNE,1800.0
ACT_B7DEE3C4,2026-03-31,SYS_073,AST_7E6F6879,REMPLACEMENT,PANNE,1800.0
ACT_37126D9E,2026-04-21,SYS_161,AST_12DD3227,REMPLACEMENT,PANNE,1800.0
ACT_9273C214,2026-05-01,SYS_194,AST_0E0CA294,REMPLACEMENT,PANNE,1800.0
ACT_6F08C8AC,2026-05-07,SYS_150,AST_9487CA12,REMPLACEMENT,PANNE,1800.0
ACT_92533FFC,2026-05-24,SYS_083,AST_2D937F05,REMPLACEMENT,PANNE,1800.0
ACT_01E05B0F,2026-06-17,SYS_056,AST_A07C05AD,REMPLACEMENT,PANNE,1800.0
ACT_0C86CE31,2026-06-25,SYS_125,AST_A6A211FF,REMPLACEMENT,PANNE,1800.0
ACT_E003811E,2026-06-30,SYS_196,AST_FF5B85CA,REMPLACEMENT,PANNE,1800.0
ACT_65032188,2026-07-09,SYS_087,AST_696AE1F9,REMPLACEMENT,PANNE,1800.0
ACT_5859B466,2026-07-10,SYS_168,AST_3062B617,REMPLACEMENT,PANNE,1800.0
ACT_71063ED5,2026-07-20,SYS_001,AST_B4CD098B,REMPLACEMENT,SYSTEMATIQUE,1800.0
ACT_AD7A7D6F,2026-07-20,SYS_003,AST_BAEB0DC8,REMPLACEMENT,SYSTEMATIQUE,1800.0
ACT_D50F2CAD,2026-07-20,SYS_004,AST_CB926A1A,REMPLACEMENT,SYSTEMATIQUE,1800.0
ACT_2A355887,2026-07-20,SYS_005,AST_561DD023,REMPLACEMENT,SYSTEMATIQUE,1800.0
ACT_84967001,2026-07-20,SYS_006,AST_001C64CB,REMPLACEMENT,SYSTEMATIQUE,1800.0
ACT_73E2BE5C,2026-07-20,SYS_007,AST_AB9579C3,REMPLACEMENT,SYSTEMATIQUE,1800.0
ACT_7026D2ED,2026-07-20,SYS_008,AST_48108E1D,REMPLACEMENT,SYSTEMATIQUE,1800.0
ACT_D3CAEA6B,2026-07-20,SYS_009,AST_5E723BA5,REMPLACEMENT,SYSTEMATIQUE,1800.0
ACT_1889E2F2,2026-07-20,SYS_010,AST_421E4C41,REMPLACEMENT,SYSTEMATIQUE,1800.0
ACT_F3C0CA20,2026-07-20,SYS_011,AST_53D8D3E3,REMPLACEMENT,SYSTEMATIQUE,1800.0
ACT_7DF33229,2026-07-20,SYS_012,AST_2DA96BA7,REMPLACEMENT,SYSTEMATIQUE,1800.0
ACT_55C1B108,2026-07-20,SYS_013,AST_6E4D7680,REMPLACEMENT,SYSTEMATIQUE,1800.0
ACT_BBF394CD,2026-07-20,SYS_014,AST_49526BF0,REMPLACEMENT,SYSTEMATIQUE,1800.0
ACT_2B76523E,2026-07-20,SYS_015,AST_5695567B,REMPLACEMENT,SYSTEMATIQUE,1800.0
ACT_0CC24806,2026-07-20,SYS_016,AST_98C7A644,REMPLACEMENT,SYSTEMATIQUE,1800.0
ACT_8821DF74,2026-07-20,SYS_017,AST_8EF44E07,REMPLACEMENT,SYSTEMATIQUE,1800.0
ACT_15433B33,2026-07-20,SYS_018,AST_CC586B98,REMPLACEMENT,SYSTEMATIQUE,1800.0
ACT_02E0528D,2026-07-20,SYS_019,AST_D48DB76D,REMPLACEMENT,SYSTEMATIQUE,1800.0
ACT_EC68AE56,2026-07-20,SYS_020,AST_4F798C9F,REMPLACEMENT,SYSTEMATIQUE,1800.0
ACT_A02A0E8A,2026-07-20,SYS_021,AST_93FABA4A,REMPLACEMENT,SYSTEMATIQUE,1800.0
ACT_E2C3B8C1,2026-07-20,SYS_022,AST_36BDF128,REMPLACEMENT,SYSTEMATIQUE,1800.0
ACT_FCEBF680,2026-07-20,SYS_023,AST_C0966294,REMPLACEMENT,SYSTEMATIQUE,1800.0
ACT_81DFF2BC,2026-07-20,SYS_024,AST_675E127D,REMPLACEMENT,SYSTEMATIQUE,1800.0
ACT_7BFAF963,2026-07-20,SYS_025,AST_8BEA6A56,REMPLACEMENT,SYSTEMATIQUE,1800.0
ACT_7793DCC3,2026-07-20,SYS_026,AST_6F83BA5E,REMPLACEMENT,SYSTEMATIQUE,1800.0
ACT_23B829B9,2026-07-20,SYS_027,AST_FDCB6CC6,REMPLACEMENT,SYSTEMATIQUE,1800.0
ACT_147AE6FE,2026-07-20,SYS_028,AST_AEDA01A0,REMPLACEMENT,SYSTEMATIQUE,1800.0
ACT_253BEF5E,2026-07-20,SYS_029,AST_60084B7F,REMPLACEMENT,SYSTEMATIQUE,1800.0
ACT_801170EB,2026-07-20,SYS_031,AST_FEB31E7B,REMPLACEMENT,SYSTEMATIQUE,1800.0
ACT_AFB4D931,2026-07-20,SYS_032,AST_CF1F8C29,REMPLACEMENT,SYSTEMATIQUE,1800.0
ACT_3E5F8819,2026-07-20,SYS_033,AST_CC1CF282,REMPLACEMENT,SYSTEMATIQUE,1800.0
ACT_A6033E09,2026-07-20,SYS_034,AST_0CA552F1,REMPLACEMENT,SYSTEMATIQUE,1800.0
ACT_7ED83322,2026-07-20,SYS_035,AST_2F745B76,REMPLACEMENT,SYSTEMATIQUE,1800.0
ACT_168D4E31,2026-07-20,SYS_036,AST_C10A1ABC,REMPLACEMENT,SYSTEMATIQUE,1800.0
ACT_A189E54E,2026-07-20,SYS_037,AST_791A59D6,REMPLACEMENT,SYSTEMATIQUE,1800.0
ACT_A7399BFE,2026-07-20,SYS_038,AST_04BAFAFF,REMPLACEMENT,SYSTEMATIQUE,1800.0
ACT_DEA99484,2026-07-20,SYS_039,AST_00A4425C,REMPLACEMENT,SYSTEMATIQUE,1800.0
ACT_0E633A3C,2026-07-20,SYS_040,AST_A09C75B0,REMPLACEMENT,SYSTEMATIQUE,1800.0
ACT_CDF796E8,2026-07-20,SYS_041,AST_9AEBCE97,REMPLACEMENT,SYSTEMATIQUE,1800.0
ACT_DB737566,2026-07-20,SYS_042,AST_5FCEEACB,REMPLACEMENT,SYSTEMATIQUE,1800.0
ACT_137BD6A4,2026-07-20,SYS_043,AST_950677E7,REMPLACEMENT,SYSTEMATIQUE,1800.0
ACT_2BD9CB53,2026-07-20,SYS_044,AST_3F085F53,REMPLACEMENT,SYSTEMATIQUE,1800.0
ACT_B57ADE6D,2026-07-20,SYS_045,AST_5E3952E8,REMPLACEMENT,SYSTEMATIQUE,1800.0
ACT_F0554764,2026-07-20,SYS_046,AST_5CB15283,REMPLACEMENT,SYSTEMATIQUE,1800.0
ACT_36FABB9A,2026-07-20,SYS_047,AST_0633895F,REMPLACEMENT,SYSTEMATIQUE,1800.0
ACT_003B2A6B,2026-07-20,SYS_048,AST_8F274845,REMPLACEMENT,SYSTEMATIQUE,1800.0
ACT_DB12655A,2026-07-20,SYS_049,AST_2EA61D16,REMPLACEMENT,SYSTEMATIQUE,1800.0
ACT_C63B9729,2026-07-20,SYS_050,AST_978E598D,REMPLACEMENT,SYSTEMATIQUE,1800.0
ACT_8BFB2324,2026-07-20,SYS_051,AST_303B719B,REMPLACEMENT,SYSTEMATIQUE,1800.0
ACT_3C87B9D6,2026-07-20,SYS_052,AST_EF753C6A,REMPLACEMENT,SYSTEMATIQUE,1800.0
ACT_41A0B593,2026-07-20,SYS_053,AST_41C38300,REMPLACEMENT,SYSTEMATIQUE,1800.0
ACT_1BE625DE,2026-07-20,SYS_054,AST_8601A6AB,REMPLACEMENT,SYSTEMATIQUE,1800.0
ACT_C7759360,2026-07-20,SYS_055,AST_F17EB802,REMPLACEMENT,SYSTEMATIQUE,1800.0
ACT_296D7EF4,2026-07-20,SYS_057,AST_115B9E33,REMPLACEMENT,SYSTEMATIQUE,1800.0
ACT_B115CA55,2026-07-20,SYS_058,AST_BDF7FDA6,REMPLACEMENT,SYSTEMATIQUE,1800.0
ACT_1A866511,2026-07-20,SYS_059,AST_F6A33128,REMPLACEMENT,SYSTEMATIQUE,1800.0
ACT_4C84B4D8,2026-07-20,SYS_060,AST_F3673684,REMPLACEMENT,SYSTEMATIQUE,1800.0
ACT_71311305,2026-07-20,SYS_061,AST_423D4A0A,REMPLACEMENT,SYSTEMATIQUE,1800.0
ACT_21B945F2,2026-07-20,SYS_062,AST_DF15CD00,REMPLACEMENT,SYSTEMATIQUE,1800.0
ACT_FDC0867E,2026-07-20,SYS_063,AST_D0329DCA,REMPLACEMENT,SYSTEMATIQUE,1800.0
ACT_83193DA1,2026-07-20,SYS_064,AST_17F990EB,REMPLACEMENT,SYSTEMATIQUE,1800.0
ACT_9CA6A677,2026-07-20,SYS_065,AST_5494F907,REMPLACEMENT,SYSTEMATIQUE,1800.0
ACT_3FED16B7,2026-07-20,SYS_066,AST_8CEA5E13,REMPLACEMENT,SYSTEMATIQUE,1800.0
ACT_1437C592,2026-07-20,SYS_067,AST_E8F0F8FA,REMPLACEMENT,SYSTEMATIQUE,1800.0
ACT_6CD3A16C,2026-07-20,SYS_068,AST_07A3D466,REMPLACEMENT,SYSTEMATIQUE,1800.0
ACT_0042EB1E,2026-07-20,SYS_069,AST_7D12D3BA,REMPLACEMENT,SYSTEMATIQUE,1800.0
ACT_10317E05,2026-07-20,SYS_070,AST_751DEBD8,REMPLACEMENT,SYSTEMATIQUE,1800.0
ACT_028BC4C7,2026-07-20,SYS_071,AST_0D33A87C,REMPLACEMENT,SYSTEMATIQUE,1800.0
ACT_42722D2A,2026-07-20,SYS_072,AST_87D86103,REMPLACEMENT,SYSTEMATIQUE,1800.0
ACT_C7297ED5,2026-07-20,SYS_074,AST_3F6DFEE4,REMPLACEMENT,SYSTEMATIQUE,1800.0
ACT_3C9A1B64,2026-07-20,SYS_075,AST_63020D67,REMPLACEMENT,SYSTEMATIQUE,1800.0
ACT_20A6B818,2026-07-20,SYS_076,AST_F9EAD75F,REMPLACEMENT,SYSTEMATIQUE,1800.0
ACT_404683A5,2026-07-20,SYS_077,AST_D6F5AEB1,REMPLACEMENT,SYSTEMATIQUE,1800.0
ACT_C8F77325,2026-07-20,SYS_078,AST_A226B50C,REMPLACEMENT,SYSTEMATIQUE,1800.0
ACT_60BB9E25,2026-07-20,SYS_079,AST_9E540E8D,REMPLACEMENT,SYSTEMATIQUE,1800.0
ACT_1021373F,2026-07-20,SYS_080,AST_84CF035A,REMPLACEMENT,SYSTEMATIQUE,1800.0
ACT_F0FBFF47,2026-07-20,SYS_081,AST_3C08907F,REMPLACEMENT,SYSTEMATIQUE,1800.0
ACT_957AE6BF,2026-07-20,SYS_082,AST_96F0BDB6,REMPLACEMENT,SYSTEMATIQUE,1800.0
ACT_AF358759,2026-07-20,SYS_084,AST_68B38202,REMPLACEMENT,SYSTEMATIQUE,1800.0
ACT_37846DAA,2026-07-20,SYS_085,AST_BD935B46,REMPLACEMENT,SYSTEMATIQUE,1800.0
ACT_39CE2387,2026-07-20,SYS_086,AST_E9329958,REMPLACEMENT,SYSTEMATIQUE,1800.0
ACT_B2B63188,2026-07-20,SYS_088,AST_966B4732,REMPLACEMENT,SYSTEMATIQUE,1800.0
ACT_ACEBA8DE,2026-07-20,SYS_089,AST_818EEDC7,REMPLACEMENT,SYSTEMATIQUE,1800.0
ACT_38309369,2026-07-20,SYS_090,AST_224924BC,REMPLACEMENT,SYSTEMATIQUE,1800.0
ACT_E6DBE0DA,2026-07-20,SYS_091,AST_E5A62422,REMPLACEMENT,SYSTEMATIQUE,1800.0
ACT_3EC57052,2026-07-20,SYS_092,AST_31E640E4,REMPLACEMENT,SYSTEMATIQUE,1800.0
ACT_FD420EC4,2026-07-20,SYS_093,AST_FF45EF3E,REMPLACEMENT,SYSTEMATIQUE,1800.0
ACT_51E3FDBA,2026-07-20,SYS_094,AST_A4ABA6F1,REMPLACEMENT,SYSTEMATIQUE,1800.0
ACT_B3171265,2026-07-20,SYS_095,AST_8346EDD8,REMPLACEMENT,SYSTEMATIQUE,1800.0
ACT_7A247ED4,2026-07-20,SYS_096,AST_D9B484A5,REMPLACEMENT,SYSTEMATIQUE,1800.0
ACT_28470230,2026-07-20,SYS_097,AST_DB3B42E8,REMPLACEMENT,SYSTEMATIQUE,1800.0
ACT_F3183DCA,2026-07-20,SYS_098,AST_ADE3B0B2,REMPLACEMENT,SYSTEMATIQUE,1800.0
ACT_295C1FB8,2026-07-20,SYS_099,AST_0BC66D7B,REMPLACEMENT,SYSTEMATIQUE,1800.0
ACT_CC39ABDE,2026-07-20,SYS_100,AST_DB6C945F,REMPLACEMENT,SYSTEMATIQUE,1800.0
ACT_3BBF6F0D,2026-07-20,SYS_101,AST_31FF6ABF,REMPLACEMENT,SYSTEMATIQUE,1800.0
ACT_A5C8028B,2026-07-20,SYS_102,AST_70E049C4,REMPLACEMENT,SYSTEMATIQUE,1800.0
ACT_C049B788,2026-07-20,SYS_103,AST_79C32D83,REMPLACEMENT,SYSTEMATIQUE,1800.0
ACT_819A480C,2026-07-20,SYS_104,AST_A35CBD38,REMPLACEMENT,SYSTEMATIQUE,1800.0
ACT_40479768,2026-07-20,SYS_105,AST_9D4FF448,REMPLACEMENT,SYSTEMATIQUE,1800.0
ACT_B959CB17,2026-07-20,SYS_106,AST_15A21174,REMPLACEMENT,SYSTEMATIQUE,1800.0
ACT_43FCADA7,2026-07-20,SYS_107,AST_0D8C78DD,REMPLACEMENT,SYSTEMATIQUE,1800.0
ACT_63DB0CAC,2026-07-20,SYS_108,AST_46D80058,REMPLACEMENT,SYSTEMATIQUE,1800.0
ACT_C535ECB6,2026-07-20,SYS_109,AST_6E65BD48,REMPLACEMENT,SYSTEMATIQUE,1800.0
ACT_D1D69FDA,2026-07-20,SYS_110,AST_0A5411A9,REMPLACEMENT,SYSTEMATIQUE,1800.0
ACT_EFCAE3F3,2026-07-20,SYS_111,AST_9937F170,REMPLACEMENT,SYSTEMATIQUE,1800.0
ACT_9442B2B8,2026-07-20,SYS_112,AST_B588FAB7,REMPLACEMENT,SYSTEMATIQUE,1800.0
ACT_2A0BFD98,2026-07-20,SYS_113,AST_E33FC4DB,REMPLACEMENT,SYSTEMATIQUE,1800.0
ACT_9B1EB8A3,2026-07-20,SYS_114,AST_CC0EA848,REMPLACEMENT,SYSTEMATIQUE,1800.0
ACT_1C3AB8DB,2026-07-20,SYS_115,AST_144C9423,REMPLACEMENT,SYSTEMATIQUE,1800.0
ACT_AF9A2D51,2026-07-20,SYS_116,AST_B59401CB,REMPLACEMENT,SYSTEMATIQUE,1800.0
ACT_671CDA4A,2026-07-20,SYS_117,AST_49B72CB9,REMPLACEMENT,SYSTEMATIQUE,1800.0
ACT_63C25235,2026-07-20,SYS_118,AST_F20B73B7,REMPLACEMENT,SYSTEMATIQUE,1800.0
ACT_3AE11F92,2026-07-20,SYS_119,AST_A0A794D5,REMPLACEMENT,SYSTEMATIQUE,1800.0
ACT_28BD2FCD,2026-07-20,SYS_120,AST_2CCE737A,REMPLACEMENT,SYSTEMATIQUE,1800.0
ACT_5A01E7B6,2026-07-20,SYS_121,AST_C7C2C46F,REMPLACEMENT,SYSTEMATIQUE,1800.0
ACT_37B44039,2026-07-20,SYS_122,AST_6ED37452,REMPLACEMENT,SYSTEMATIQUE,1800.0
ACT_4BE1DA7E,2026-07-20,SYS_123,AST_CE78A8B9,REMPLACEMENT,SYSTEMATIQUE,1800.0
ACT_FB1BEAF5,2026-07-20,SYS_124,AST_2D68ECA1,REMPLACEMENT,SYSTEMATIQUE,1800.0
ACT_73E6B3D7,2026-07-20,SYS_126,AST_22C75FBF,REMPLACEMENT,SYSTEMATIQUE,1800.0
ACT_202B696A,2026-07-20,SYS_127,AST_8C036B4A,REMPLACEMENT,SYSTEMATIQUE,1800.0
ACT_96E30AA2,2026-07-20,SYS_128,AST_2B53A3B5,REMPLACEMENT,SYSTEMATIQUE,1800.0
ACT_4DDC9A5A,2026-07-20,SYS_129,AST_4EA81653,REMPLACEMENT,SYSTEMATIQUE,1800.0
ACT_BB9D7935,2026-07-20,SYS_130,AST_FCB63FF0,REMPLACEMENT,SYSTEMATIQUE,1800.0
ACT_E8476532,2026-07-20,SYS_131,AST_F7F065BE,REMPLACEMENT,SYSTEMATIQUE,1800.0
ACT_FBA6D429,2026-07-20,SYS_132,AST_815D3777,REMPLACEMENT,SYSTEMATIQUE,1800.0
ACT_92D4FAFA,2026-07-20,SYS_133,AST_7689B517,REMPLACEMENT,SYSTEMATIQUE,1800.0
ACT_6F89172E,2026-07-20,SYS_134,AST_8084D65F,REMPLACEMENT,SYSTEMATIQUE,1800.0
ACT_FCB666FF,2026-07-20,SYS_135,AST_9F30E49B,REMPLACEMENT,SYSTEMATIQUE,1800.0
ACT_AF04AB61,2026-07-20,SYS_136,AST_B650253D,REMPLACEMENT,SYSTEMATIQUE,1800.0
ACT_0F8EFFA9,2026-07-20,SYS_137,AST_03FF0CFB,REMPLACEMENT,SYSTEMATIQUE,1800.0
ACT_390813A5,2026-07-20,SYS_138,AST_258EBD77,REMPLACEMENT,SYSTEMATIQUE,1800.0
ACT_84F002C3,2026-07-20,SYS_139,AST_4D447F34,REMPLACEMENT,SYSTEMATIQUE,1800.0
ACT_E7AB68DD,2026-07-20,SYS_140,AST_C04F52AE,REMPLACEMENT,SYSTEMATIQUE,1800.0
ACT_14AC2405,2026-07-20,SYS_141,AST_D496D20D,REMPLACEMENT,SYSTEMATIQUE,1800.0
ACT_2E5BA476,2026-07-20,SYS_142,AST_422C3BA3,REMPLACEMENT,SYSTEMATIQUE,1800.0
ACT_7C36FDA1,2026-07-20,SYS_143,AST_6A767784,REMPLACEMENT,SYSTEMATIQUE,1800.0
ACT_C9CD6FED,2026-07-20,SYS_144,AST_F023E6FB,REMPLACEMENT,SYSTEMATIQUE,1800.0
ACT_B9C34F31,2026-07-20,SYS_145,AST_1554A7F6,REMPLACEMENT,SYSTEMATIQUE,1800.0
ACT_A22B735B,2026-07-20,SYS_146,AST_2B8EFF20,REMPLACEMENT,SYSTEMATIQUE,1800.0
ACT_C242B0FC,2026-07-20,SYS_147,AST_AD9A5675,REMPLACEMENT,SYSTEMATIQUE,1800.0
ACT_6F46D65F,2026-07-20,SYS_148,AST_22F4379A,REMPLACEMENT,SYSTEMATIQUE,1800.0
ACT_EFEA9022,2026-07-20,SYS_149,AST_BDD39D47,REMPLACEMENT,SYSTEMATIQUE,1800.0
ACT_EE907DD1,2026-07-20,SYS_151,AST_EE849A08,REMPLACEMENT,SYSTEMATIQUE,1800.0
ACT_0B861F9C,2026-07-20,SYS_152,AST_E1D2B150,REMPLACEMENT,SYSTEMATIQUE,1800.0
ACT_CE0D8042,2026-07-20,SYS_153,AST_59B9DA9F,REMPLACEMENT,SYSTEMATIQUE,1800.0
ACT_2BAED0EB,2026-07-20,SYS_154,AST_C7BD577D,REMPLACEMENT,SYSTEMATIQUE,1800.0
ACT_26DCA28C,2026-07-20,SYS_155,AST_636A5519,REMPLACEMENT,SYSTEMATIQUE,1800.0
ACT_EF58E20A,2026-07-20,SYS_156,AST_316AA165,REMPLACEMENT,SYSTEMATIQUE,1800.0
ACT_429F91CD,2026-07-20,SYS_157,AST_81DFF212,REMPLACEMENT,SYSTEMATIQUE,1800.0
ACT_1EB2202A,2026-07-20,SYS_158,AST_F397E7D5,REMPLACEMENT,SYSTEMATIQUE,1800.0
ACT_56CD119A,2026-07-20,SYS_159,AST_FC685AF3,REMPLACEMENT,SYSTEMATIQUE,1800.0
ACT_EE7D5A89,2026-07-20,SYS_160,AST_22E1642F,REMPLACEMENT,SYSTEMATIQUE,1800.0
ACT_875342C1,2026-07-20,SYS_162,AST_8755F9E5,REMPLACEMENT,SYSTEMATIQUE,1800.0
ACT_5127E8F6,2026-07-20,SYS_163,AST_A2F24717,REMPLACEMENT,SYSTEMATIQUE,1800.0
ACT_82A42D47,2026-07-20,SYS_164,AST_F2182A76,REMPLACEMENT,SYSTEMATIQUE,1800.0
ACT_130B6E25,2026-07-20,SYS_165,AST_704BDF7D,REMPLACEMENT,SYSTEMATIQUE,1800.0
ACT_E38B40B3,2026-07-20,SYS_166,AST_838D5B66,REMPLACEMENT,SYSTEMATIQUE,1800.0
ACT_60EFAB8A,2026-07-20,SYS_167,AST_2B9FC2F0,REMPLACEMENT,SYSTEMATIQUE,1800.0
ACT_F7661933,2026-07-20,SYS_169,AST_D9396E8E,REMPLACEMENT,SYSTEMATIQUE,1800.0
ACT_A6905520,2026-07-20,SYS_170,AST_D7A3AF82,REMPLACEMENT,SYSTEMATIQUE,1800.0
ACT_C7183FFC,2026-07-20,SYS_171,AST_061CADFF,REMPLACEMENT,SYSTEMATIQUE,1800.0
ACT_D3CB7581,2026-07-20,SYS_172,AST_EA3CA5E6,REMPLACEMENT,SYSTEMATIQUE,1800.0
ACT_C3B8FF7C,2026-07-20,SYS_173,AST_73FB3D50,REMPLACEMENT,SYSTEMATIQUE,1800.0
ACT_8061D3B8,2026-07-20,SYS_174,AST_C3D02BD3,REMPLACEMENT,SYSTEMATIQUE,1800.0
ACT_6CEDCA90,2026-07-20,SYS_175,AST_114462C5,REMPLACEMENT,SYSTEMATIQUE,1800.0
ACT_D9720A8C,2026-07-20,SYS_176,AST_AC6E6F26,REMPLACEMENT,SYSTEMATIQUE,1800.0
ACT_79496DBA,2026-07-20,SYS_177,AST_B401A0B1,REMPLACEMENT,SYSTEMATIQUE,1800.0
ACT_DA3C58B2,2026-07-20,SYS_178,AST_C46D08E2,REMPLACEMENT,SYSTEMATIQUE,1800.0
ACT_6554E1E5,2026-07-20,SYS_179,AST_28787AB3,REMPLACEMENT,SYSTEMATIQUE,1800.0
ACT_18B5D7EF,2026-07-20,SYS_180,AST_6A95DB36,REMPLACEMENT,SYSTEMATIQUE,1800.0
ACT_12560262,2026-07-20,SYS_181,AST_662E4E9F,REMPLACEMENT,SYSTEMATIQUE,1800.0
ACT_5FB0ED58,2026-07-20,SYS_182,AST_9EB87923,REMPLACEMENT,SYSTEMATIQUE,1800.0
ACT_8BE7EA24,2026-07-20,SYS_183,AST_EAE9E399,REMPLACEMENT,SYSTEMATIQUE,1800.0
ACT_234E0B63,2026-07-20,SYS_184,AST_B33DE17F,REMPLACEMENT,SYSTEMATIQUE,1800.0
ACT_BB61A48B,2026-07-20,SYS_185,AST_CA6DFA76,REMPLACEMENT,SYSTEMATIQUE,1800.0
ACT_CD9F6755,2026-07-20,SYS_186,AST_C3FB649A,REMPLACEMENT,SYSTEMATIQUE,1800.0
ACT_3182C72D,2026-07-20,SYS_187,AST_67B1888C,REMPLACEMENT,SYSTEMATIQUE,1800.0
ACT_F0783844,2026-07-20,SYS_188,AST_0E682BBF,REMPLACEMENT,SYSTEMATIQUE,1800.0
ACT_58DB37D5,2026-07-20,SYS_189,AST_C7063B9F,REMPLACEMENT,SYSTEMATIQUE,1800.0
ACT_27869753,2026-07-20,SYS_190,AST_8B1538D0,REMPLACEMENT,SYSTEMATIQUE,1800.0
ACT_A7CFC783,2026-07-20,SYS_191,AST_C965EB2A,REMPLACEMENT,SYSTEMATIQUE,1800.0
ACT_5CB60DED,2026-07-20,SYS_192,AST_45A72C72,REMPLACEMENT,SYSTEMATIQUE,1800.0
ACT_3338DD62,2026-07-20,SYS_193,AST_D68307D8,REMPLACEMENT,SYSTEMATIQUE,1800.0
ACT_32C9473D,2026-07-20,SYS_195,AST_F5DB309E,REMPLACEMENT,SYSTEMATIQUE,1800.0
ACT_82985DEA,2026-07-20,SYS_197,AST_9BC76EF1,REMPLACEMENT,SYSTEMATIQUE,1800.0
ACT_1F7E127B,2026-07-20,SYS_198,AST_32CC2B8C,REMPLACEMENT,SYSTEMATIQUE,1800.0
ACT_AA7CCBFC,2026-07-20,SYS_199,AST_62C0038C,REMPLACEMENT,SYSTEMATIQUE,1800.0
ACT_2C94CFD5,2026-07-30,SYS_126,AST_B88862EA,REMPLACEMENT,PANNE,1800.0
ACT_FAA0AB55,2026-08-11,SYS_015,AST_3C7AA11D,REMPLACEMENT,PANNE,1800.0
ACT_5E580177,2026-08-13,SYS_000,AST_F88057F5,REMPLACEMENT,SYSTEMATIQUE,1800.0
ACT_96C9B6D0,2026-08-13,SYS_030,AST_CF6ED8C0,REMPLACEMENT,SYSTEMATIQUE,1800.0
ACT_76302B5E,2026-08-16,SYS_002,AST_1C57F0E2,REMPLACEMENT,SYSTEMATIQUE,1800.0
ACT_EA09555D,2026-08-21,SYS_146,AST_E84F0E7C,REMPLACEMENT,PANNE,1800.0
ACT_805895F5,2026-08-27,SYS_157,AST_CC9BDAB8,REMPLACEMENT,PANNE,1800.0
ACT_BD868178,2026-09-09,SYS_033,AST_9E949423,REMPLACEMENT,PANNE,1800.0
ACT_1B027D3A,2026-09-14,SYS_089,AST_84F7AB07,REMPLACEMENT,PANNE,1800.0
ACT_F80D0D6D,2026-09-14,SYS_177,AST_6F1638DD,REMPLACEMENT,PANNE,1800.0
ACT_27847A27,2026-10-17,SYS_073,AST_0F4D786D,REMPLACEMENT,SYSTEMATIQUE,1800.0
ACT_07852ED3,2026-10-27,SYS_197,AST_FC2C2D1D,REMPLACEMENT,PANNE,1800.0
ACT_8F211C60,2026-10-29,SYS_191,AST_38AE7C7C,REMPLACEMENT,PANNE,1800.0
ACT_F343B933,2026-11-07,SYS_161,AST_0823936F,REMPLACEMENT,SYSTEMATIQUE,1800.0
ACT_92421DA8,2026-11-10,SYS_192,AST_2368A06E,REMPLACEMENT,PANNE,1800.0
ACT_10D366C2,2026-11-16,SYS_103,AST_0C21C1BB,REMPLACEMENT,PANNE,1800.0
ACT_FE5588A8,2026-11-17,SYS_194,AST_9572D605,REMPLACEMENT,SYSTEMATIQUE,1800.0
ACT_331627B5,2026-11-23,SYS_150,AST_337D0A1E,REMPLACEMENT,SYSTEMATIQUE,1800.0
ACT_C1F38FD8,2026-12-10,SYS_083,AST_FECDB6E2,REMPLACEMENT,SYSTEMATIQUE,1800.0
ACT_8B4E0A13,2026-12-17,SYS_047,AST_3819DAC8,REMPLACEMENT,PANNE,1800.0
ACT_3DD1548A,2026-12-27,SYS_080,AST_F43442F9,REMPLACEMENT,PANNE,1800.0
ACT_F2459FB3,2026-12-28,SYS_196,AST_6D5352CE,REMPLACEMENT,PANNE,1800.0
ACT_EC20EEBD,2027-01-03,SYS_056,AST_D068BE2D,REMPLACEMENT,SYSTEMATIQUE,1800.0
ACT_D997A558,2027-01-04,SYS_041,AST_7FA6FD56,REMPLACEMENT,PANNE,1800.0
ACT_13E391A4,2027-01-09,SYS_182,AST_49BB777F,REMPLACEMENT,PANNE,1800.0
ACT_191FA2B9,2027-01-11,SYS_125,AST_D9BA48D8,REMPLACEMENT,SYSTEMATIQUE,1800.0
ACT_F47897A0,2027-01-20,SYS_014,AST_08FB5027,REMPLACEMENT,PANNE,1800.0
ACT_1077C7FE,2027-01-25,SYS_087,AST_48B5733B,REMPLACEMENT,SYSTEMATIQUE,1800.0
ACT_C1AE2199,2027-01-26,SYS_168,AST_B5BE6CC9,REMPLACEMENT,SYSTEMATIQUE,1800.0
ACT_92FB0DD0,2027-02-01,SYS_091,AST_FE48F4CE,REMPLACEMENT,PANNE,1800.0
ACT_F8F9E61B,2027-02-01,SYS_180,AST_1A41ED35,REMPLACEMENT,PANNE,1800.0
ACT_2BB95A59,2027-02-05,SYS_001,AST_CC45DC6F,REMPLACEMENT,SYSTEMATIQUE,1800.0
ACT_7A4993DE,2027-02-05,SYS_003,AST_C1ED3662,REMPLACEMENT,SYSTEMATIQUE,1800.0
ACT_FEF1E17A,2027-02-05,SYS_004,AST_F0F1F424,REMPLACEMENT,SYSTEMATIQUE,1800.0
ACT_76C94F94,2027-02-05,SYS_005,AST_C03946A7,REMPLACEMENT,SYSTEMATIQUE,1800.0
ACT_0900EDC9,2027-02-05,SYS_006,AST_1E344693,REMPLACEMENT,SYSTEMATIQUE,1800.0
ACT_BB260707,2027-02-05,SYS_007,AST_776ED79B,REMPLACEMENT,SYSTEMATIQUE,1800.0
ACT_9439235D,2027-02-05,SYS_008,AST_CDF10A1B,REMPLACEMENT,SYSTEMATIQUE,1800.0
ACT_99DD7401,2027-02-05,SYS_009,AST_72B3F777,REMPLACEMENT,SYSTEMATIQUE,1800.0
ACT_406D66CC,2027-02-05,SYS_010,AST_37573269,REMPLACEMENT,SYSTEMATIQUE,1800.0
ACT_091A4093,2027-02-05,SYS_011,AST_7B584A9D,REMPLACEMENT,SYSTEMATIQUE,1800.0
ACT_576FF17C,2027-02-05,SYS_012,AST_D085389C,REMPLACEMENT,SYSTEMATIQUE,1800.0
ACT_FB36C8FE,2027-02-05,SYS_013,AST_2E502E39,REMPLACEMENT,SYSTEMATIQUE,1800.0
ACT_B58631A8,2027-02-05,SYS_016,AST_0D2BFAC1,REMPLACEMENT,SYSTEMATIQUE,1800.0
ACT_EBF72090,2027-02-05,SYS_017,AST_B977F44E,REMPLACEMENT,SYSTEMATIQUE,1800.0
ACT_19B074FB,2027-02-05,SYS_018,AST_A4224AD8,REMPLACEMENT,SYSTEMATIQUE,1800.0
ACT_CE02DEEB,2027-02-05,SYS_019,AST_2735AB91,REMPLACEMENT,SYSTEMATIQUE,1800.0
ACT_B9C25DF9,2027-02-05,SYS_020,AST_29FF36C9,REMPLACEMENT,SYSTEMATIQUE,1800.0
ACT_E03127D7,2027-02-05,SYS_021,AST_2E67EA2D,REMPLACEMENT,SYSTEMATIQUE,1800.0
ACT_B41737AA,2027-02-05,SYS_022,AST_BF4B3D96,REMPLACEMENT,SYSTEMATIQUE,1800.0
ACT_862DB4D5,2027-02-05,SYS_023,AST_6C8BB0B4,REMPLACEMENT,SYSTEMATIQUE,1800.0
ACT_09ABBCE7,2027-02-05,SYS_024,AST_08E57580,REMPLACEMENT,SYSTEMATIQUE,1800.0
ACT_6F32A511,2027-02-05,SYS_025,AST_7356E7A9,REMPLACEMENT,SYSTEMATIQUE,1800.0
ACT_0E8FC400,2027-02-05,SYS_026,AST_38E27E67,REMPLACEMENT,SYSTEMATIQUE,1800.0
ACT_7ECD7AE1,2027-02-05,SYS_027,AST_0B736327,REMPLACEMENT,SYSTEMATIQUE,1800.0
ACT_10B45030,2027-02-05,SYS_028,AST_0CD15F00,REMPLACEMENT,SYSTEMATIQUE,1800.0
ACT_FC155D86,2027-02-05,SYS_029,AST_B20606D9,REMPLACEMENT,SYSTEMATIQUE,1800.0
ACT_9E8DE9F4,2027-02-05,SYS_031,AST_94192A89,REMPLACEMENT,SYSTEMATIQUE,1800.0
ACT_2F86C33F,2027-02-05,SYS_032,AST_5D3A6EB4,REMPLACEMENT,SYSTEMATIQUE,1800.0
ACT_E1E1F55A,2027-02-05,SYS_034,AST_F27E6BC5,REMPLACEMENT,SYSTEMATIQUE,1800.0
ACT_501524E3,2027-02-05,SYS_035,AST_6E4C94FE,REMPLACEMENT,SYSTEMATIQUE,1800.0
ACT_88502376,2027-02-05,SYS_036,AST_5DB19ACB,REMPLACEMENT,SYSTEMATIQUE,1800.0
ACT_64F58CFD,2027-02-05,SYS_037,AST_A30BE93F,REMPLACEMENT,SYSTEMATIQUE,1800.0
ACT_3B7C7226,2027-02-05,SYS_038,AST_276B24B5,REMPLACEMENT,SYSTEMATIQUE,1800.0
ACT_4A2BB181,2027-02-05,SYS_039,AST_63482D73,REMPLACEMENT,SYSTEMATIQUE,1800.0
ACT_46E1C2CC,2027-02-05,SYS_040,AST_FCD52490,REMPLACEMENT,SYSTEMATIQUE,1800.0
ACT_BF539F12,2027-02-05,SYS_042,AST_E90EA916,REMPLACEMENT,SYSTEMATIQUE,1800.0
ACT_482E532A,2027-02-05,SYS_043,AST_CB2BE9D4,REMPLACEMENT,SYSTEMATIQUE,1800.0
ACT_D2F12642,2027-02-05,SYS_044,AST_A1585234,REMPLACEMENT,SYSTEMATIQUE,1800.0
ACT_801B7CC6,2027-02-05,SYS_045,AST_58770866,REMPLACEMENT,SYSTEMATIQUE,1800.0
ACT_4D719460,2027-02-05,SYS_046,AST_4B86F431,REMPLACEMENT,SYSTEMATIQUE,1800.0
ACT_C1B5FDDD,2027-02-05,SYS_048,AST_0FD04B3F,REMPLACEMENT,SYSTEMATIQUE,1800.0
ACT_EC537492,2027-02-05,SYS_049,AST_1FD78040,REMPLACEMENT,SYSTEMATIQUE,1800.0
ACT_250050DD,2027-02-05,SYS_050,AST_B4CD64C9,REMPLACEMENT,SYSTEMATIQUE,1800.0
ACT_DE52D2A3,2027-02-05,SYS_051,AST_C232A00C,REMPLACEMENT,SYSTEMATIQUE,1800.0
ACT_B50ED6BA,2027-02-05,SYS_052,AST_BF3D3E91,REMPLACEMENT,SYSTEMATIQUE,1800.0
ACT_391B4F03,2027-02-05,SYS_053,AST_D8A8E3B5,REMPLACEMENT,SYSTEMATIQUE,1800.0
ACT_27A801CF,2027-02-05,SYS_054,AST_8DCD8384,REMPLACEMENT,SYSTEMATIQUE,1800.0
ACT_DB13443E,2027-02-05,SYS_055,AST_31ECDBA4,REMPLACEMENT,SYSTEMATIQUE,1800.0
ACT_B5A52700,2027-02-05,SYS_057,AST_0875703B,REMPLACEMENT,SYSTEMATIQUE,1800.0
ACT_5003F47D,2027-02-05,SYS_058,AST_3A8B145B,REMPLACEMENT,SYSTEMATIQUE,1800.0
ACT_5E2BE937,2027-02-05,SYS_059,AST_D95CAA60,REMPLACEMENT,SYSTEMATIQUE,1800.0
ACT_A7E9407E,2027-02-05,SYS_060,AST_B69F5A2C,REMPLACEMENT,SYSTEMATIQUE,1800.0
ACT_3E4B3C7E,2027-02-05,SYS_061,AST_E99E34D8,REMPLACEMENT,SYSTEMATIQUE,1800.0
ACT_4D6D3E50,2027-02-05,SYS_062,AST_470CD433,REMPLACEMENT,SYSTEMATIQUE,1800.0
ACT_5779AF2D,2027-02-05,SYS_063,AST_C3DED6E2,REMPLACEMENT,SYSTEMATIQUE,1800.0
ACT_0E8C8254,2027-02-05,SYS_064,AST_ED1BB46C,REMPLACEMENT,SYSTEMATIQUE,1800.0
ACT_1643349A,2027-02-05,SYS_065,AST_327A499E,REMPLACEMENT,SYSTEMATIQUE,1800.0
ACT_4344F496,2027-02-05,SYS_066,AST_9CEAF190,REMPLACEMENT,SYSTEMATIQUE,1800.0
ACT_B439ECE6,2027-02-05,SYS_067,AST_F6779F4A,REMPLACEMENT,SYSTEMATIQUE,1800.0
ACT_5A7963C8,2027-02-05,SYS_068,AST_0BB8B08D,REMPLACEMENT,SYSTEMATIQUE,1800.0
ACT_50B4943D,2027-02-05,SYS_069,AST_1A8EF423,REMPLACEMENT,SYSTEMATIQUE,1800.0
ACT_F0DDD412,2027-02-05,SYS_070,AST_FCEF2ABC,REMPLACEMENT,SYSTEMATIQUE,1800.0
ACT_28CC2B42,2027-02-05,SYS_071,AST_393B819F,REMPLACEMENT,SYSTEMATIQUE,1800.0
ACT_838C2690,2027-02-05,SYS_072,AST_9DA54D46,REMPLACEMENT,SYSTEMATIQUE,1800.0
ACT_AB929072,2027-02-05,SYS_074,AST_1E7F5D6D,REMPLACEMENT,SYSTEMATIQUE,1800.0
ACT_8900F6D3,2027-02-05,SYS_075,AST_55279EEB,REMPLACEMENT,SYSTEMATIQUE,1800.0
ACT_E38AB9EE,2027-02-05,SYS_076,AST_788C354D,REMPLACEMENT,SYSTEMATIQUE,1800.0
ACT_653DCD6E,2027-02-05,SYS_077,AST_189AAEC1,REMPLACEMENT,SYSTEMATIQUE,1800.0
ACT_004C2175,2027-02-05,SYS_078,AST_86F393D8,REMPLACEMENT,SYSTEMATIQUE,1800.0
ACT_E347ECD0,2027-02-05,SYS_079,AST_92F15EF7,REMPLACEMENT,SYSTEMATIQUE,1800.0
ACT_9C36858C,2027-02-05,SYS_081,AST_DE0C2AC5,REMPLACEMENT,SYSTEMATIQUE,1800.0
ACT_69F51147,2027-02-05,SYS_082,AST_B198EF2A,REMPLACEMENT,SYSTEMATIQUE,1800.0
ACT_26E47673,2027-02-05,SYS_084,AST_05347AD8,REMPLACEMENT,SYSTEMATIQUE,1800.0
ACT_DCFC08F7,2027-02-05,SYS_085,AST_C78EAEC9,REMPLACEMENT,SYSTEMATIQUE,1800.0
ACT_DD72C909,2027-02-05,SYS_086,AST_CC3E4ECA,REMPLACEMENT,SYSTEMATIQUE,1800.0
ACT_1182D89E,2027-02-05,SYS_088,AST_B12ED4A8,REMPLACEMENT,SYSTEMATIQUE,1800.0
ACT_3A162B96,2027-02-05,SYS_090,AST_B5917F6A,REMPLACEMENT,SYSTEMATIQUE,1800.0
ACT_48941CF1,2027-02-05,SYS_092,AST_645C16AE,REMPLACEMENT,SYSTEMATIQUE,1800.0
ACT_288A1926,2027-02-05,SYS_093,AST_204C1AF5,REMPLACEMENT,SYSTEMATIQUE,1800.0
ACT_40B11E07,2027-02-05,SYS_094,AST_F782A0F0,REMPLACEMENT,SYSTEMATIQUE,1800.0
ACT_8CCA716D,2027-02-05,SYS_095,AST_0A7EEAB5,REMPLACEMENT,SYSTEMATIQUE,1800.0
ACT_24E7AB6E,2027-02-05,SYS_096,AST_03212EE6,REMPLACEMENT,SYSTEMATIQUE,1800.0
ACT_1B139C89,2027-02-05,SYS_097,AST_56623F66,REMPLACEMENT,SYSTEMATIQUE,1800.0
ACT_A9DA097E,2027-02-05,SYS_098,AST_8F201F7E,REMPLACEMENT,SYSTEMATIQUE,1800.0
ACT_A1C62545,2027-02-05,SYS_099,AST_611C6076,REMPLACEMENT,SYSTEMATIQUE,1800.0
ACT_DCD14A71,2027-02-05,SYS_100,AST_97405CA0,REMPLACEMENT,SYSTEMATIQUE,1800.0
ACT_4AD8A4E8,2027-02-05,SYS_101,AST_0CF44796,REMPLACEMENT,SYSTEMATIQUE,1800.0
ACT_9D023B2F,2027-02-05,SYS_102,AST_755D1D97,REMPLACEMENT,SYSTEMATIQUE,1800.0
ACT_0F5C05A6,2027-02-05,SYS_104,AST_DC956B3E,REMPLACEMENT,SYSTEMATIQUE,1800.0
ACT_2BB71874,2027-02-05,SYS_105,AST_0182ED49,REMPLACEMENT,SYSTEMATIQUE,1800.0
ACT_CF34B6BA,2027-02-05,SYS_106,AST_B325F6DF,REMPLACEMENT,SYSTEMATIQUE,1800.0
ACT_6BF24D9F,2027-02-05,SYS_107,AST_CC4E83BB,REMPLACEMENT,SYSTEMATIQUE,1800.0
ACT_5127889F,2027-02-05,SYS_108,AST_F16E7AF6,REMPLACEMENT,SYSTEMATIQUE,1800.0
ACT_953CFBCF,2027-02-05,SYS_109,AST_224D1541,REMPLACEMENT,SYSTEMATIQUE,1800.0
ACT_CEEAD4F0,2027-02-05,SYS_110,AST_6811CC1A,REMPLACEMENT,SYSTEMATIQUE,1800.0
ACT_30713022,2027-02-05,SYS_111,AST_F17618FB,REMPLACEMENT,SYSTEMATIQUE,1800.0
ACT_F896918A,2027-02-05,SYS_112,AST_BECFF89C,REMPLACEMENT,SYSTEMATIQUE,1800.0
ACT_695B696C,2027-02-05,SYS_113,AST_6723E713,REMPLACEMENT,SYSTEMATIQUE,1800.0
ACT_0541C6EC,2027-02-05,SYS_114,AST_0E6725EB,REMPLACEMENT,SYSTEMATIQUE,1800.0
ACT_43FE70DD,2027-02-05,SYS_115,AST_D21E5057,REMPLACEMENT,SYSTEMATIQUE,1800.0
ACT_F986D7CF,2027-02-05,SYS_116,AST_18346D54,REMPLACEMENT,SYSTEMATIQUE,1800.0
ACT_E907B7AD,2027-02-05,SYS_117,AST_5646C4EF,REMPLACEMENT,SYSTEMATIQUE,1800.0
ACT_EF0419B9,2027-02-05,SYS_118,AST_FA95E342,REMPLACEMENT,SYSTEMATIQUE,1800.0
ACT_1352963E,2027-02-05,SYS_119,AST_C35CBB16,REMPLACEMENT,SYSTEMATIQUE,1800.0
ACT_FB8FACDB,2027-02-05,SYS_120,AST_C9EF73A8,REMPLACEMENT,SYSTEMATIQUE,1800.0
ACT_FAE3D5D3,2027-02-05,SYS_121,AST_EFC225F1,REMPLACEMENT,SYSTEMATIQUE,1800.0
ACT_0BB4D704,2027-02-05,SYS_122,AST_05EDBD8E,REMPLACEMENT,SYSTEMATIQUE,1800.0
ACT_1B63C49D,2027-02-05,SYS_123,AST_90C75BF6,REMPLACEMENT,SYSTEMATIQUE,1800.0
ACT_5FA863E7,2027-02-05,SYS_124,AST_1C4EB643,REMPLACEMENT,SYSTEMATIQUE,1800.0
ACT_0EE170F9,2027-02-05,SYS_127,AST_3401FD35,REMPLACEMENT,SYSTEMATIQUE,1800.0
ACT_91430944,2027-02-05,SYS_128,AST_10D4248A,REMPLACEMENT,SYSTEMATIQUE,1800.0
ACT_E51F9AEB,2027-02-05,SYS_129,AST_4DE253D6,REMPLACEMENT,SYSTEMATIQUE,1800.0
ACT_0FA0183A,2027-02-05,SYS_130,AST_91AD8348,REMPLACEMENT,SYSTEMATIQUE,1800.0
ACT_F36983AF,2027-02-05,SYS_131,AST_83F1553B,REMPLACEMENT,SYSTEMATIQUE,1800.0
ACT_87CA67B3,2027-02-05,SYS_132,AST_1CED41F3,REMPLACEMENT,SYSTEMATIQUE,1800.0
ACT_EA6123AA,2027-02-05,SYS_133,AST_62AEEDBF,REMPLACEMENT,SYSTEMATIQUE,1800.0
ACT_E00C0BE4,2027-02-05,SYS_134,AST_C1A03698,REMPLACEMENT,SYSTEMATIQUE,1800.0
ACT_B4E6038D,2027-02-05,SYS_135,AST_0B288D0F,REMPLACEMENT,SYSTEMATIQUE,1800.0
ACT_0F42172A,2027-02-05,SYS_136,AST_DCC7A017,REMPLACEMENT,SYSTEMATIQUE,1800.0
ACT_10AF4C4C,2027-02-05,SYS_137,AST_8E1BD4C8,REMPLACEMENT,SYSTEMATIQUE,1800.0
ACT_89AE5299,2027-02-05,SYS_138,AST_904CE99F,REMPLACEMENT,SYSTEMATIQUE,1800.0
ACT_CC0874E7,2027-02-05,SYS_139,AST_7B2C1430,REMPLACEMENT,SYSTEMATIQUE,1800.0
ACT_08CD7F1E,2027-02-05,SYS_140,AST_C5E18C53,REMPLACEMENT,SYSTEMATIQUE,1800.0
ACT_9896B15C,2027-02-05,SYS_141,AST_02C29BBA,REMPLACEMENT,SYSTEMATIQUE,1800.0
ACT_553A8F98,2027-02-05,SYS_142,AST_851A47C1,REMPLACEMENT,SYSTEMATIQUE,1800.0
ACT_50DD4259,2027-02-05,SYS_143,AST_68E6884D,REMPLACEMENT,SYSTEMATIQUE,1800.0
ACT_203F9D37,2027-02-05,SYS_144,AST_2FF0BF86,REMPLACEMENT,SYSTEMATIQUE,1800.0
ACT_2DFFF9C8,2027-02-05,SYS_145,AST_A7A16DEC,REMPLACEMENT,SYSTEMATIQUE,1800.0
ACT_AB0CAE90,2027-02-05,SYS_147,AST_60ABDDE3,REMPLACEMENT,SYSTEMATIQUE,1800.0
ACT_86DC4BBE,2027-02-05,SYS_148,AST_51E7D27F,REMPLACEMENT,SYSTEMATIQUE,1800.0
ACT_27C9E42A,2027-02-05,SYS_149,AST_13E11581,REMPLACEMENT,SYSTEMATIQUE,1800.0
ACT_2DEE08E5,2027-02-05,SYS_151,AST_9CBA283D,REMPLACEMENT,SYSTEMATIQUE,1800.0
ACT_701B4422,2027-02-05,SYS_152,AST_FFEBAD90,REMPLACEMENT,SYSTEMATIQUE,1800.0
ACT_0EB681C4,2027-02-05,SYS_153,AST_D3A8EE91,REMPLACEMENT,SYSTEMATIQUE,1800.0
ACT_661CB398,2027-02-05,SYS_154,AST_3D2F609F,REMPLACEMENT,SYSTEMATIQUE,1800.0
ACT_076469AA,2027-02-05,SYS_155,AST_0C7D2EB6,REMPLACEMENT,SYSTEMATIQUE,1800.0
ACT_1B98097E,2027-02-05,SYS_156,AST_6983AAFB,REMPLACEMENT,SYSTEMATIQUE,1800.0
ACT_117B4D15,2027-02-05,SYS_158,AST_84B56D6C,REMPLACEMENT,SYSTEMATIQUE,1800.0
ACT_98FF2817,2027-02-05,SYS_159,AST_9FEDC676,REMPLACEMENT,SYSTEMATIQUE,1800.0
ACT_D3096AFC,2027-02-05,SYS_160,AST_9BC8F0B6,REMPLACEMENT,SYSTEMATIQUE,1800.0
ACT_3A2169F8,2027-02-05,SYS_162,AST_2DC6F2C9,REMPLACEMENT,SYSTEMATIQUE,1800.0
ACT_5E4CA92B,2027-02-05,SYS_163,AST_8E43A0FD,REMPLACEMENT,SYSTEMATIQUE,1800.0
ACT_D4BFFF19,2027-02-05,SYS_164,AST_7A2AC144,REMPLACEMENT,SYSTEMATIQUE,1800.0
ACT_97710B76,2027-02-05,SYS_165,AST_3DFBDF6D,REMPLACEMENT,SYSTEMATIQUE,1800.0
ACT_69EC130A,2027-02-05,SYS_166,AST_E69FDA13,REMPLACEMENT,SYSTEMATIQUE,1800.0
ACT_2602A8C9,2027-02-05,SYS_167,AST_6E745265,REMPLACEMENT,SYSTEMATIQUE,1800.0
ACT_87465A54,2027-02-05,SYS_169,AST_D5B4AB57,REMPLACEMENT,SYSTEMATIQUE,1800.0
ACT_B600DEE6,2027-02-05,SYS_170,AST_8D666541,REMPLACEMENT,SYSTEMATIQUE,1800.0
ACT_6369A49C,2027-02-05,SYS_171,AST_B8F07650,REMPLACEMENT,SYSTEMATIQUE,1800.0
ACT_568CE0F8,2027-02-05,SYS_172,AST_3A66F972,REMPLACEMENT,SYSTEMATIQUE,1800.0
ACT_211FF959,2027-02-05,SYS_173,AST_01D953C8,REMPLACEMENT,SYSTEMATIQUE,1800.0
ACT_0FD6F29D,2027-02-05,SYS_174,AST_1E54AF48,REMPLACEMENT,SYSTEMATIQUE,1800.0
ACT_76D6D475,2027-02-05,SYS_175,AST_9347BB51,REMPLACEMENT,SYSTEMATIQUE,1800.0
ACT_81A5D47B,2027-02-05,SYS_176,AST_6A050060,REMPLACEMENT,SYSTEMATIQUE,1800.0
ACT_823F70BD,2027-02-05,SYS_178,AST_65028932,REMPLACEMENT,SYSTEMATIQUE,1800.0
ACT_6A4886DE,2027-02-05,SYS_179,AST_8211E93F,REMPLACEMENT,SYSTEMATIQUE,1800.0
ACT_0ED4C6F6,2027-02-05,SYS_181,AST_2CBC1CAC,REMPLACEMENT,SYSTEMATIQUE,1800.0
ACT_6346ABD8,2027-02-05,SYS_183,AST_D3B96A24,REMPLACEMENT,SYSTEMATIQUE,1800.0
ACT_C9C5A2FB,2027-02-05,SYS_184,AST_6F3FCDD0,REMPLACEMENT,SYSTEMATIQUE,1800.0
ACT_AF468188,2027-02-05,SYS_185,AST_FB52DA67,REMPLACEMENT,SYSTEMATIQUE,1800.0
ACT_1B010FFB,2027-02-05,SYS_186,AST_C245AFBF,REMPLACEMENT,SYSTEMATIQUE,1800.0
ACT_F4C51C05,2027-02-05,SYS_187,AST_CAF78B4B,REMPLACEMENT,SYSTEMATIQUE,1800.0
ACT_E2ECC16F,2027-02-05,SYS_188,AST_E6AA67A0,REMPLACEMENT,SYSTEMATIQUE,1800.0
ACT_34A81C92,2027-02-05,SYS_189,AST_821FDCE9,REMPLACEMENT,SYSTEMATIQUE,1800.0
ACT_9D931FC1,2027-02-05,SYS_190,AST_37B93117,REMPLACEMENT,SYSTEMATIQUE,1800.0
ACT_2A1252E4,2027-02-05,SYS_193,AST_8E87ABFC,REMPLACEMENT,SYSTEMATIQUE,1800.0
ACT_B641BDAE,2027-02-05,SYS_195,AST_2241D893,REMPLACEMENT,SYSTEMATIQUE,1800.0
ACT_18B7E0D2,2027-02-05,SYS_198,AST_4FACD3C2,REMPLACEMENT,SYSTEMATIQUE,1800.0
ACT_A57E2BF1,2027-02-05,SYS_199,AST_6725F41F,REMPLACEMENT,SYSTEMATIQUE,1800.0
ACT_C03966EB,2027-02-15,SYS_126,AST_BC6763A5,REMPLACEMENT,SYSTEMATIQUE,1800.0
ACT_87A76853,2027-02-19,SYS_142,AST_79838C77,REMPLACEMENT,PANNE,1800.0
ACT_71B24CDB,2027-02-27,SYS_015,AST_479955D2,REMPLACEMENT,SYSTEMATIQUE,1800.0
ACT_3CEC152C,2027-03-01,SYS_000,AST_14C974DB,REMPLACEMENT,SYSTEMATIQUE,1800.0
ACT_A1498ED2,2027-03-01,SYS_030,AST_62A425B6,REMPLACEMENT,SYSTEMATIQUE,1800.0
ACT_FC683EC6,2027-03-04,SYS_002,AST_BAC03050,REMPLACEMENT,SYSTEMATIQUE,1800.0
ACT_91CB5C02,2027-03-09,SYS_146,AST_B98E3BD8,REMPLACEMENT,SYSTEMATIQUE,1800.0
ACT_D6CBCBBD,2027-03-15,SYS_157,AST_94991C9C,REMPLACEMENT,SYSTEMATIQUE,1800.0
ACT_092FD918,2027-03-28,SYS_033,AST_C18FAF1E,REMPLACEMENT,SYSTEMATIQUE,1800.0
ACT_6AD45C5E,2027-04-02,SYS_089,AST_89B6B44D,REMPLACEMENT,SYSTEMATIQUE,1800.0
ACT_B3C9DA16,2027-04-02,SYS_177,AST_871033DD,REMPLACEMENT,SYSTEMATIQUE,1800.0
ACT_4C387F5D,2027-04-04,SYS_073,AST_23B6AA36,REMPLACEMENT,PANNE,1800.0
ACT_96D4DA45,2027-04-06,SYS_069,AST_D7D771C9,REMPLACEMENT,PANNE,1800.0
ACT_CBDF8543,2027-04-22,SYS_021,AST_D9C8B800,REMPLACEMENT,PANNE,1800.0
ACT_18146FE7,2027-04-22,SYS_106,AST_073EFF6D,REMPLACEMENT,PANNE,1800.0
ACT_E06A7D8D,2027-04-23,SYS_008,AST_79A35ADE,REMPLACEMENT,PANNE,1800.0
ACT_B2299867,2027-05-14,SYS_045,AST_DD092180,REMPLACEMENT,PANNE,1800.0
ACT_1DDE6542,2027-05-15,SYS_197,AST_5DE4FA99,REMPLACEMENT,SYSTEMATIQUE,1800.0
ACT_69AE8822,2027-05-17,SYS_139,AST_AEE8642D,REMPLACEMENT,PANNE,1800.0
ACT_1D4A93AB,2027-05-17,SYS_191,AST_752A1565,REMPLACEMENT,SYSTEMATIQUE,1800.0
ACT_96A92462,2027-05-20,SYS_183,AST_C80EB9D6,REMPLACEMENT,PANNE,1800.0
ACT_F55B6EE2,2027-05-26,SYS_161,AST_66D372C1,REMPLACEMENT,SYSTEMATIQUE,1800.0
ACT_051B4C50,2027-05-29,SYS_192,AST_AFA12BAA,REMPLACEMENT,SYSTEMATIQUE,1800.0
ACT_60E5962F,2027-06-01,SYS_049,AST_05201D43,REMPLACEMENT,PANNE,1800.0
ACT_52F75B78,2027-06-04,SYS_103,AST_C4985A85,REMPLACEMENT,SYSTEMATIQUE,1800.0
ACT_4A0AA4E7,2027-06-05,SYS_194,AST_6A5A9091,REMPLACEMENT,SYSTEMATIQUE,1800.0
ACT_7A62F236,2027-06-09,SYS_032,AST_A6ECDD7E,REMPLACEMENT,PANNE,1800.0
ACT_159CE78E,2027-06-11,SYS_150,AST_31D0DBE6,REMPLACEMENT,SYSTEMATIQUE,1800.0
ACT_1F5F0AD9,2027-06-22,SYS_153,AST_8606AD6F,REMPLACEMENT,PANNE,1800.0
ACT_C2110A6F,2027-06-28,SYS_020,AST_1737BF53,REMPLACEMENT,PANNE,1800.0
ACT_CC9CF20D,2027-06-28,SYS_083,AST_DC89BFF1,REMPLACEMENT,SYSTEMATIQUE,1800.0
ACT_4D734CC9,2027-07-05,SYS_047,AST_4256A21E,REMPLACEMENT,SYSTEMATIQUE,1800.0
ACT_410A9EF0,2027-07-09,SYS_024,AST_E052AE7E,REMPLACEMENT,PANNE,1800.0
ACT_31776A60,2027-07-15,SYS_080,AST_C1ACB756,REMPLACEMENT,SYSTEMATIQUE,1800.0
ACT_1A6BC722,2027-07-16,SYS_196,AST_060B53A1,REMPLACEMENT,SYSTEMATIQUE,1800.0
ACT_09BEEBD8,2027-07-22,SYS_056,AST_A314CBAC,REMPLACEMENT,SYSTEMATIQUE,1800.0
ACT_2B4CFE67,2027-07-23,SYS_041,AST_395B26FE,REMPLACEMENT,SYSTEMATIQUE,1800.0
ACT_ED7C488D,2027-07-28,SYS_182,AST_E2464E4F,REMPLACEMENT,SYSTEMATIQUE,1800.0
ACT_1CE34C8F,2027-07-30,SYS_125,AST_5AD9571A,REMPLACEMENT,SYSTEMATIQUE,1800.0
ACT_FF73B089,2027-08-06,SYS_136,AST_E69386EF,REMPLACEMENT,PANNE,1800.0
ACT_26599A9B,2027-08-08,SYS_006,AST_61C7E47F,REMPLACEMENT,PANNE,1800.0
ACT_B1F6C50C,2027-08-08,SYS_014,AST_DABEE713,REMPLACEMENT,SYSTEMATIQUE,1800.0
ACT_21D9DCD1,2027-08-10,SYS_066,AST_8127132B,REMPLACEMENT,PANNE,1800.0
ACT_60AC9EAC,2027-08-13,SYS_087,AST_5F10C3F0,REMPLACEMENT,SYSTEMATIQUE,1800.0
ACT_82E178B9,2027-08-14,SYS_168,AST_6F96B2E7,REMPLACEMENT,SYSTEMATIQUE,1800.0
ACT_567EA810,2027-08-20,SYS_091,AST_A663A561,REMPLACEMENT,SYSTEMATIQUE,1800.0
ACT_6128D6BF,2027-08-20,SYS_180,AST_58C95DAD,REMPLACEMENT,SYSTEMATIQUE,1800.0
ACT_EA78CE75,2027-08-24,SYS_001,AST_83CBF612,REMPLACEMENT,SYSTEMATIQUE,1800.0
ACT_F9028A15,2027-08-24,SYS_003,AST_688276D4,REMPLACEMENT,SYSTEMATIQUE,1800.0
ACT_FD770552,2027-08-24,SYS_004,AST_C4FB9142,REMPLACEMENT,SYSTEMATIQUE,1800.0
ACT_EFCD3006,2027-08-24,SYS_005,AST_7671FBCF,REMPLACEMENT,SYSTEMATIQUE,1800.0
ACT_EF95BC3E,2027-08-24,SYS_007,AST_456E7C8D,REMPLACEMENT,SYSTEMATIQUE,1800.0
ACT_807B131F,2027-08-24,SYS_009,AST_37BCBF4E,REMPLACEMENT,SYSTEMATIQUE,1800.0
ACT_347F14D7,2027-08-24,SYS_010,AST_95E1DA74,REMPLACEMENT,SYSTEMATIQUE,1800.0
ACT_965A593C,2027-08-24,SYS_011,AST_A2C4E54B,REMPLACEMENT,SYSTEMATIQUE,1800.0
ACT_8A25D301,2027-08-24,SYS_012,AST_26567EB4,REMPLACEMENT,SYSTEMATIQUE,1800.0
ACT_B50E7515,2027-08-24,SYS_013,AST_97FE7DBE,REMPLACEMENT,SYSTEMATIQUE,1800.0
ACT_336F9884,2027-08-24,SYS_016,AST_0A291CD4,REMPLACEMENT,SYSTEMATIQUE,1800.0
ACT_AE4FE9DF,2027-08-24,SYS_017,AST_7490AC2E,REMPLACEMENT,SYSTEMATIQUE,1800.0
ACT_35949FB1,2027-08-24,SYS_018,AST_7242940F,REMPLACEMENT,SYSTEMATIQUE,1800.0
ACT_141B2EC4,2027-08-24,SYS_019,AST_D72F0B98,REMPLACEMENT,SYSTEMATIQUE,1800.0
ACT_10852DE4,2027-08-24,SYS_022,AST_DF31D9E8,REMPLACEMENT,SYSTEMATIQUE,1800.0
ACT_4D333FBE,2027-08-24,SYS_023,AST_8313DAF5,REMPLACEMENT,SYSTEMATIQUE,1800.0
ACT_92367FCD,2027-08-24,SYS_025,AST_10353539,REMPLACEMENT,SYSTEMATIQUE,1800.0
ACT_6BBB2211,2027-08-24,SYS_026,AST_13B152B2,REMPLACEMENT,SYSTEMATIQUE,1800.0
ACT_9558BA73,2027-08-24,SYS_027,AST_522FA54E,REMPLACEMENT,SYSTEMATIQUE,1800.0
ACT_7F035CC7,2027-08-24,SYS_028,AST_BB063EBF,REMPLACEMENT,SYSTEMATIQUE,1800.0
ACT_81DFCBCB,2027-08-24,SYS_029,AST_310CB988,REMPLACEMENT,SYSTEMATIQUE,1800.0
ACT_2C888978,2027-08-24,SYS_031,AST_DAA4226E,REMPLACEMENT,SYSTEMATIQUE,1800.0
ACT_AC4D09C5,2027-08-24,SYS_034,AST_3C249A4C,REMPLACEMENT,SYSTEMATIQUE,1800.0
ACT_2AD94BCD,2027-08-24,SYS_035,AST_6FA38C28,REMPLACEMENT,SYSTEMATIQUE,1800.0
ACT_EA6FAD63,2027-08-24,SYS_036,AST_B039B268,REMPLACEMENT,SYSTEMATIQUE,1800.0
ACT_89332042,2027-08-24,SYS_037,AST_60A7D934,REMPLACEMENT,SYSTEMATIQUE,1800.0
ACT_1EE1C884,2027-08-24,SYS_038,AST_D72B1207,REMPLACEMENT,SYSTEMATIQUE,1800.0
ACT_9293A7DA,2027-08-24,SYS_039,AST_D0EDA75F,REMPLACEMENT,SYSTEMATIQUE,1800.0
ACT_4004BAD1,2027-08-24,SYS_040,AST_CAFF06A5,REMPLACEMENT,SYSTEMATIQUE,1800.0
ACT_379ECE00,2027-08-24,SYS_042,AST_2DDCCA8E,REMPLACEMENT,SYSTEMATIQUE,1800.0
ACT_8C44562D,2027-08-24,SYS_043,AST_78384467,REMPLACEMENT,SYSTEMATIQUE,1800.0
ACT_988BA9FF,2027-08-24,SYS_044,AST_8A33D2A3,REMPLACEMENT,SYSTEMATIQUE,1800.0
ACT_357EF576,2027-08-24,SYS_046,AST_374AC49E,REMPLACEMENT,SYSTEMATIQUE,1800.0
ACT_C70C8C3C,2027-08-24,SYS_048,AST_71BA78EC,REMPLACEMENT,SYSTEMATIQUE,1800.0
ACT_A59D8B1D,2027-08-24,SYS_050,AST_CB781E31,REMPLACEMENT,SYSTEMATIQUE,1800.0
ACT_BD9ED262,2027-08-24,SYS_051,AST_79D53A8B,REMPLACEMENT,SYSTEMATIQUE,1800.0
ACT_D2B17617,2027-08-24,SYS_052,AST_73739142,REMPLACEMENT,SYSTEMATIQUE,1800.0
ACT_7E5E838A,2027-08-24,SYS_053,AST_8523E4FC,REMPLACEMENT,SYSTEMATIQUE,1800.0
ACT_D8476DB4,2027-08-24,SYS_054,AST_8D395CE3,REMPLACEMENT,SYSTEMATIQUE,1800.0
ACT_C4746F3B,2027-08-24,SYS_055,AST_053BD4D7,REMPLACEMENT,SYSTEMATIQUE,1800.0
ACT_A0BDAD3A,2027-08-24,SYS_057,AST_54F24B93,REMPLACEMENT,SYSTEMATIQUE,1800.0
ACT_0576F72E,2027-08-24,SYS_058,AST_2AFD3072,REMPLACEMENT,SYSTEMATIQUE,1800.0
ACT_83C72C16,2027-08-24,SYS_059,AST_0FE4B467,REMPLACEMENT,SYSTEMATIQUE,1800.0
ACT_B572300D,2027-08-24,SYS_060,AST_F25454BD,REMPLACEMENT,SYSTEMATIQUE,1800.0
ACT_B3DCA561,2027-08-24,SYS_061,AST_B68B2859,REMPLACEMENT,SYSTEMATIQUE,1800.0
ACT_FC4E20FD,2027-08-24,SYS_062,AST_69C0236E,REMPLACEMENT,SYSTEMATIQUE,1800.0
ACT_8044DFB5,2027-08-24,SYS_063,AST_1DFD14E5,REMPLACEMENT,SYSTEMATIQUE,1800.0
ACT_8419A66A,2027-08-24,SYS_064,AST_CC6229FD,REMPLACEMENT,SYSTEMATIQUE,1800.0
ACT_04F01CB9,2027-08-24,SYS_065,AST_169D7CF4,REMPLACEMENT,SYSTEMATIQUE,1800.0
ACT_B86ACA5F,2027-08-24,SYS_067,AST_AFE144A6,REMPLACEMENT,SYSTEMATIQUE,1800.0
ACT_BF5B678D,2027-08-24,SYS_068,AST_AC141447,REMPLACEMENT,SYSTEMATIQUE,1800.0
ACT_0317CE8B,2027-08-24,SYS_070,AST_143CB06E,REMPLACEMENT,SYSTEMATIQUE,1800.0
ACT_916B9BDC,2027-08-24,SYS_071,AST_3C434CF0,REMPLACEMENT,SYSTEMATIQUE,1800.0
ACT_F63ED57D,2027-08-24,SYS_072,AST_D01E5F9A,REMPLACEMENT,SYSTEMATIQUE,1800.0
ACT_303C097B,2027-08-24,SYS_074,AST_3E99C581,REMPLACEMENT,SYSTEMATIQUE,1800.0
ACT_47AC76A7,2027-08-24,SYS_075,AST_44CE228F,REMPLACEMENT,SYSTEMATIQUE,1800.0
ACT_26925840,2027-08-24,SYS_076,AST_659C5790,REMPLACEMENT,SYSTEMATIQUE,1800.0
ACT_37AE8470,2027-08-24,SYS_077,AST_12496E8F,REMPLACEMENT,SYSTEMATIQUE,1800.0
ACT_1E644248,2027-08-24,SYS_078,AST_B0E55B97,REMPLACEMENT,SYSTEMATIQUE,1800.0
ACT_903ECBD1,2027-08-24,SYS_079,AST_4C25DAE7,REMPLACEMENT,SYSTEMATIQUE,1800.0
ACT_AEB78544,2027-08-24,SYS_081,AST_2E9E98A0,REMPLACEMENT,SYSTEMATIQUE,1800.0
ACT_4F00DA08,2027-08-24,SYS_082,AST_AC5E1C6F,REMPLACEMENT,SYSTEMATIQUE,1800.0
ACT_7E1DF31D,2027-08-24,SYS_084,AST_93582414,REMPLACEMENT,SYSTEMATIQUE,1800.0
ACT_17703241,2027-08-24,SYS_085,AST_8880DDB2,REMPLACEMENT,SYSTEMATIQUE,1800.0
ACT_5626CE3A,2027-08-24,SYS_086,AST_D88971F3,REMPLACEMENT,SYSTEMATIQUE,1800.0
ACT_CA52D743,2027-08-24,SYS_088,AST_B231D30A,REMPLACEMENT,SYSTEMATIQUE,1800.0
ACT_6947C2DD,2027-08-24,SYS_090,AST_8C70DF2C,REMPLACEMENT,SYSTEMATIQUE,1800.0
ACT_E92AC2DB,2027-08-24,SYS_092,AST_A0DBDE18,REMPLACEMENT,SYSTEMATIQUE,1800.0
ACT_0E51C3F0,2027-08-24,SYS_093,AST_D32F1D6B,REMPLACEMENT,SYSTEMATIQUE,1800.0
ACT_BC94D8CA,2027-08-24,SYS_094,AST_C0E4B8F0,REMPLACEMENT,SYSTEMATIQUE,1800.0
ACT_075B85AE,2027-08-24,SYS_095,AST_2572826F,REMPLACEMENT,SYSTEMATIQUE,1800.0
ACT_2CA9545F,2027-08-24,SYS_096,AST_CCA5489F,REMPLACEMENT,SYSTEMATIQUE,1800.0
ACT_09587913,2027-08-24,SYS_097,AST_D46C5097,REMPLACEMENT,SYSTEMATIQUE,1800.0
ACT_379F4989,2027-08-24,SYS_098,AST_03CF2299,REMPLACEMENT,SYSTEMATIQUE,1800.0
ACT_7B0EADFF,2027-08-24,SYS_099,AST_0A7ADB80,REMPLACEMENT,SYSTEMATIQUE,1800.0
ACT_0D412597,2027-08-24,SYS_100,AST_F0908F25,REMPLACEMENT,SYSTEMATIQUE,1800.0
ACT_3074B83F,2027-08-24,SYS_101,AST_78D6F7F2,REMPLACEMENT,SYSTEMATIQUE,1800.0
ACT_99E269D3,2027-08-24,SYS_102,AST_7A7F4ECF,REMPLACEMENT,SYSTEMATIQUE,1800.0
ACT_AF6F1321,2027-08-24,SYS_104,AST_95858485,REMPLACEMENT,SYSTEMATIQUE,1800.0
ACT_727616C5,2027-08-24,SYS_105,AST_3E501258,REMPLACEMENT,SYSTEMATIQUE,1800.0
ACT_3962F4DF,2027-08-24,SYS_107,AST_61E25BEF,REMPLACEMENT,SYSTEMATIQUE,1800.0
ACT_623110CC,2027-08-24,SYS_108,AST_41503190,REMPLACEMENT,SYSTEMATIQUE,1800.0
ACT_8F584120,2027-08-24,SYS_109,AST_ED65EE82,REMPLACEMENT,SYSTEMATIQUE,1800.0
ACT_7BD7D3A2,2027-08-24,SYS_110,AST_F6A2BB6C,REMPLACEMENT,SYSTEMATIQUE,1800.0
ACT_EAADE288,2027-08-24,SYS_111,AST_A5BB05B9,REMPLACEMENT,SYSTEMATIQUE,1800.0
ACT_7A8C6B46,2027-08-24,SYS_112,AST_71F52DF5,REMPLACEMENT,SYSTEMATIQUE,1800.0
ACT_D5D9C682,2027-08-24,SYS_113,AST_B6DC5FD1,REMPLACEMENT,SYSTEMATIQUE,1800.0
ACT_E2A7FF91,2027-08-24,SYS_114,AST_F4F9FFFA,REMPLACEMENT,SYSTEMATIQUE,1800.0
ACT_6A40C756,2027-08-24,SYS_115,AST_C02FAD0E,REMPLACEMENT,SYSTEMATIQUE,1800.0
ACT_937E53A5,2027-08-24,SYS_116,AST_6F44EB0B,REMPLACEMENT,SYSTEMATIQUE,1800.0
ACT_E154FE75,2027-08-24,SYS_117,AST_DE63101A,REMPLACEMENT,SYSTEMATIQUE,1800.0
ACT_AF0BE19F,2027-08-24,SYS_118,AST_E8BEDDE7,REMPLACEMENT,SYSTEMATIQUE,1800.0
ACT_9B32671C,2027-08-24,SYS_119,AST_AA276AFF,REMPLACEMENT,SYSTEMATIQUE,1800.0
ACT_1EA63AD5,2027-08-24,SYS_120,AST_0C4109C3,REMPLACEMENT,SYSTEMATIQUE,1800.0
ACT_EEB90D5A,2027-08-24,SYS_121,AST_33352EB2,REMPLACEMENT,SYSTEMATIQUE,1800.0
ACT_9D92F5DC,2027-08-24,SYS_122,AST_1372F795,REMPLACEMENT,SYSTEMATIQUE,1800.0
ACT_9A9F8834,2027-08-24,SYS_123,AST_B3344D4F,REMPLACEMENT,SYSTEMATIQUE,1800.0
ACT_81A178CB,2027-08-24,SYS_124,AST_8A5DBC1D,REMPLACEMENT,SYSTEMATIQUE,1800.0
ACT_8B11E88F,2027-08-24,SYS_127,AST_519D749E,REMPLACEMENT,SYSTEMATIQUE,1800.0
ACT_E0D2FD91,2027-08-24,SYS_128,AST_17821886,REMPLACEMENT,SYSTEMATIQUE,1800.0
ACT_5FA75573,2027-08-24,SYS_129,AST_6E1BC0C3,REMPLACEMENT,SYSTEMATIQUE,1800.0
ACT_0A83AE2D,2027-08-24,SYS_130,AST_0E654B7E,REMPLACEMENT,SYSTEMATIQUE,1800.0
ACT_9C93D333,2027-08-24,SYS_131,AST_62F06063,REMPLACEMENT,SYSTEMATIQUE,1800.0
ACT_0CC85473,2027-08-24,SYS_132,AST_E61C1608,REMPLACEMENT,SYSTEMATIQUE,1800.0
ACT_09D92D54,2027-08-24,SYS_133,AST_B8981135,REMPLACEMENT,SYSTEMATIQUE,1800.0
ACT_A1FB347B,2027-08-24,SYS_134,AST_3C6B584B,REMPLACEMENT,SYSTEMATIQUE,1800.0
ACT_365C9557,2027-08-24,SYS_135,AST_AFC0E629,REMPLACEMENT,SYSTEMATIQUE,1800.0
ACT_4D22DB5E,2027-08-24,SYS_137,AST_F966430E,REMPLACEMENT,SYSTEMATIQUE,1800.0
ACT_F038D0F3,2027-08-24,SYS_138,AST_AB1B7903,REMPLACEMENT,SYSTEMATIQUE,1800.0
ACT_D2E0B6EA,2027-08-24,SYS_140,AST_7829DE4F,REMPLACEMENT,SYSTEMATIQUE,1800.0
ACT_F3D2BC6F,2027-08-24,SYS_141,AST_86870776,REMPLACEMENT,SYSTEMATIQUE,1800.0
ACT_5D953C2D,2027-08-24,SYS_143,AST_006C55E1,REMPLACEMENT,SYSTEMATIQUE,1800.0
ACT_6ADEF162,2027-08-24,SYS_144,AST_C0D0288E,REMPLACEMENT,SYSTEMATIQUE,1800.0
ACT_EC9C4855,2027-08-24,SYS_145,AST_423E00ED,REMPLACEMENT,SYSTEMATIQUE,1800.0
ACT_A7593CAD,2027-08-24,SYS_147,AST_F17D68F2,REMPLACEMENT,SYSTEMATIQUE,1800.0
ACT_C5E399DC,2027-08-24,SYS_148,AST_CB85045B,REMPLACEMENT,SYSTEMATIQUE,1800.0
ACT_88B0703D,2027-08-24,SYS_149,AST_C0172878,REMPLACEMENT,SYSTEMATIQUE,1800.0
ACT_E7128AA1,2027-08-24,SYS_151,AST_C37A87EC,REMPLACEMENT,SYSTEMATIQUE,1800.0
ACT_CEAD545B,2027-08-24,SYS_152,AST_9299ADD2,REMPLACEMENT,SYSTEMATIQUE,1800.0
ACT_922A27B9,2027-08-24,SYS_154,AST_63A7B6CC,REMPLACEMENT,SYSTEMATIQUE,1800.0
ACT_269A1A8E,2027-08-24,SYS_155,AST_771C814D,REMPLACEMENT,SYSTEMATIQUE,1800.0
ACT_B15D1212,2027-08-24,SYS_156,AST_1038D580,REMPLACEMENT,SYSTEMATIQUE,1800.0
ACT_DE55BBD8,2027-08-24,SYS_158,AST_6AE3A377,REMPLACEMENT,SYSTEMATIQUE,1800.0
ACT_DAF1DA67,2027-08-24,SYS_159,AST_3886B82B,REMPLACEMENT,SYSTEMATIQUE,1800.0
ACT_5EC44B7F,2027-08-24,SYS_160,AST_9AF30CB7,REMPLACEMENT,SYSTEMATIQUE,1800.0
ACT_7E8A5890,2027-08-24,SYS_162,AST_14B88D0E,REMPLACEMENT,SYSTEMATIQUE,1800.0
ACT_F7942834,2027-08-24,SYS_163,AST_9A6C9F4E,REMPLACEMENT,SYSTEMATIQUE,1800.0
ACT_FE5847B9,2027-08-24,SYS_164,AST_DE0C275A,REMPLACEMENT,SYSTEMATIQUE,1800.0
ACT_30AF8FBD,2027-08-24,SYS_165,AST_FE7523F0,REMPLACEMENT,SYSTEMATIQUE,1800.0
ACT_F907878D,2027-08-24,SYS_166,AST_9303C6BD,REMPLACEMENT,SYSTEMATIQUE,1800.0
ACT_B29890FB,2027-08-24,SYS_167,AST_8C18F8EB,REMPLACEMENT,SYSTEMATIQUE,1800.0
ACT_FD9F9C8B,2027-08-24,SYS_169,AST_5B8B9A28,REMPLACEMENT,SYSTEMATIQUE,1800.0
ACT_D7B71603,2027-08-24,SYS_170,AST_FEAE2831,REMPLACEMENT,SYSTEMATIQUE,1800.0
ACT_4C0A7C27,2027-08-24,SYS_171,AST_61EF0A43,REMPLACEMENT,SYSTEMATIQUE,1800.0
ACT_8D03F531,2027-08-24,SYS_172,AST_8A2C3D00,REMPLACEMENT,SYSTEMATIQUE,1800.0
ACT_52ABBA4B,2027-08-24,SYS_173,AST_1316A24C,REMPLACEMENT,SYSTEMATIQUE,1800.0
ACT_FCBD2D74,2027-08-24,SYS_174,AST_DAC71576,REMPLACEMENT,SYSTEMATIQUE,1800.0
ACT_B1210CF9,2027-08-24,SYS_175,AST_588ABE83,REMPLACEMENT,SYSTEMATIQUE,1800.0
ACT_56AE8F6E,2027-08-24,SYS_176,AST_4EAA004B,REMPLACEMENT,SYSTEMATIQUE,1800.0
ACT_C1C39585,2027-08-24,SYS_178,AST_03FBCB0C,REMPLACEMENT,SYSTEMATIQUE,1800.0
ACT_58D54585,2027-08-24,SYS_179,AST_E222C2CF,REMPLACEMENT,SYSTEMATIQUE,1800.0
ACT_398CF2D1,2027-08-24,SYS_181,AST_190D745F,REMPLACEMENT,SYSTEMATIQUE,1800.0
ACT_D9139E4D,2027-08-24,SYS_184,AST_6B81AB6E,REMPLACEMENT,SYSTEMATIQUE,1800.0
ACT_9E8E3A2B,2027-08-24,SYS_185,AST_D5D99B33,REMPLACEMENT,SYSTEMATIQUE,1800.0
ACT_8E666680,2027-08-24,SYS_186,AST_21487425,REMPLACEMENT,SYSTEMATIQUE,1800.0
ACT_83CE3218,2027-08-24,SYS_187,AST_A4951D6B,REMPLACEMENT,SYSTEMATIQUE,1800.0
ACT_BE8C675D,2027-08-24,SYS_188,AST_291F8C89,REMPLACEMENT,SYSTEMATIQUE,1800.0
ACT_DCB56BE2,2027-08-24,SYS_189,AST_2159DCF3,REMPLACEMENT,SYSTEMATIQUE,1800.0
ACT_0ADA660A,2027-08-24,SYS_190,AST_281A9098,REMPLACEMENT,SYSTEMATIQUE,1800.0
ACT_D90A5498,2027-08-24,SYS_193,AST_825B099D,REMPLACEMENT,SYSTEMATIQUE,1800.0
ACT_FF70A4C0,2027-08-24,SYS_195,AST_030575CC,REMPLACEMENT,SYSTEMATIQUE,1800.0
ACT_91C9495B,2027-08-24,SYS_198,AST_F890B5F4,REMPLACEMENT,SYSTEMATIQUE,1800.0
ACT_B8FE4B59,2027-08-24,SYS_199,AST_7B54A096,REMPLACEMENT,SYSTEMATIQUE,1800.0
ACT_72B5240E,2027-09-03,SYS_126,AST_A1423365,REMPLACEMENT,SYSTEMATIQUE,1800.0
ACT_D8BC6ADD,2027-09-07,SYS_142,AST_19439712,REMPLACEMENT,SYSTEMATIQUE,1800.0
ACT_0C1813D6,2027-09-15,SYS_015,AST_3919B0E9,REMPLACEMENT,SYSTEMATIQUE,1800.0
ACT_62E0815C,2027-09-17,SYS_000,AST_6ED344DE,REMPLACEMENT,SYSTEMATIQUE,1800.0
ACT_F52E3061,2027-09-17,SYS_030,AST_5B09B0E9,REMPLACEMENT,SYSTEMATIQUE,1800.0
ACT_61EDD4EE,2027-09-20,SYS_002,AST_C5ABB674,REMPLACEMENT,SYSTEMATIQUE,1800.0
ACT_D9171C67,2027-09-25,SYS_146,AST_C93807E0,REMPLACEMENT,SYSTEMATIQUE,1800.0
ACT_6BAC97BB,2027-10-01,SYS_157,AST_58C88A45,REMPLACEMENT,SYSTEMATIQUE,1800.0
ACT_5FA9E0CB,2027-10-05,SYS_068,AST_D7E8439B,REMPLACEMENT,PANNE,1800.0
ACT_8DDFF588,2027-10-06,SYS_129,AST_FFC47DE0,REMPLACEMENT,PANNE,1800.0
ACT_CD2C8A60,2027-10-14,SYS_033,AST_64D8AA47,REMPLACEMENT,SYSTEMATIQUE,1800.0
ACT_B0FA2C0E,2027-10-17,SYS_183,AST_04CD7B04,REMPLACEMENT,PANNE,1800.0
ACT_C8E5C909,2027-10-19,SYS_089,AST_DF580E65,REMPLACEMENT,SYSTEMATIQUE,1800.0
ACT_86474F63,2027-10-19,SYS_177,AST_E983B017,REMPLACEMENT,SYSTEMATIQUE,1800.0
ACT_75DA4059,2027-10-21,SYS_073,AST_1D2FBCC8,REMPLACEMENT,SYSTEMATIQUE,1800.0
ACT_D4847BB3,2027-10-23,SYS_069,AST_64E30A61,REMPLACEMENT,SYSTEMATIQUE,1800.0
ACT_84F28C8E,2027-10-23,SYS_140,AST_CF47D0AF,REMPLACEMENT,PANNE,1800.0
ACT_EC47948B,2027-11-02,SYS_150,AST_017B7DC5,REMPLACEMENT,PANNE,1800.0
ACT_DDCE879F,2027-11-08,SYS_021,AST_B45F93CE,REMPLACEMENT,SYSTEMATIQUE,1800.0
ACT_28C73403,2027-11-08,SYS_106,AST_C4D21654,REMPLACEMENT,SYSTEMATIQUE,1800.0
ACT_ECD6E237,2027-11-09,SYS_008,AST_0D1C7080,REMPLACEMENT,SYSTEMATIQUE,1800.0
ACT_E18132ED,2027-11-20,SYS_140,AST_09272A4B,REMPLACEMENT,PANNE,1800.0
ACT_88220BAD,2027-11-30,SYS_045,AST_896AFFB7,REMPLACEMENT,SYSTEMATIQUE,1800.0
ACT_E4A41EBB,2027-12-01,SYS_197,AST_1627C72D,REMPLACEMENT,SYSTEMATIQUE,1800.0
ACT_BAF1CE6C,2027-12-03,SYS_139,AST_D6C5C9C9,REMPLACEMENT,SYSTEMATIQUE,1800.0
ACT_32698499,2027-12-03,SYS_191,AST_5704E056,REMPLACEMENT,SYSTEMATIQUE,1800.0
ACT_36BB8FB3,2027-12-12,SYS_161,AST_45534466,REMPLACEMENT,SYSTEMATIQUE,1800.0
ACT_3722B3A7,2027-12-15,SYS_192,AST_580108B4,REMPLACEMENT,SYSTEMATIQUE,1800.0
ACT_0DD5C95B,2027-12-18,SYS_049,AST_DAED3F63,REMPLACEMENT,SYSTEMATIQUE,1800.0
ACT_75497CE7,2027-12-19,SYS_175,AST_6982E85B,REMPLACEMENT,PANNE,1800.0
ACT_28919360,2027-12-21,SYS_103,AST_9213B0BA,REMPLACEMENT,SYSTEMATIQUE,1800.0
ACT_37D86057,2027-12-21,SYS_173,AST_8786AECC,REMPLACEMENT,PANNE,1800.0
ACT_D2FD561E,2027-12-22,SYS_194,AST_63B7928D,REMPLACEMENT,SYSTEMATIQUE,1800.0
ACT_3FEED518,2027-12-26,SYS_032,AST_89E24357,REMPLACEMENT,SYSTEMATIQUE,1800.0
ACT_D7C2E222,2027-12-27,SYS_031,AST_88AE5FDC,REMPLACEMENT,PANNE,1800.0
